ID Year,Year,ID Race,Race,Household Income by Race,Household Income by Race Moe,Geography,ID Geography
2021,2021,0,Total,47078,7098.0,"Census Tract 1001.01, Tarrant County, TX",14000US48439100101
2021,2021,0,Total,60760,12014.0,"Census Tract 1001.02, Tarrant County, TX",14000US48439100102
2021,2021,0,Total,43488,5588.0,"Census Tract 1002.01, Tarrant County, TX",14000US48439100201
2021,2021,0,Total,51700,14403.999999999998,"Census Tract 1002.02, Tarrant County, TX",14000US48439100202
2021,2021,0,Total,46696,10942.0,"Census Tract 1003, Tarrant County, TX",14000US48439100300
2021,2021,0,Total,55795,10451.0,"Census Tract 1008, Tarrant County, TX",14000US48439100800
2021,2021,0,Total,33780,15594.999999999998,"Census Tract 1009, Tarrant County, TX",14000US48439100900
2021,2021,0,Total,53750,14293.999999999998,"Census Tract 1012.02, Tarrant County, TX",14000US48439101202
2021,2021,0,Total,58800,11774.0,"Census Tract 1013.01, Tarrant County, TX",14000US48439101301
2021,2021,0,Total,65042,22785.0,"Census Tract 1014.01, Tarrant County, TX",14000US48439101401
2021,2021,0,Total,54141,10253.0,"Census Tract 1014.02, Tarrant County, TX",14000US48439101402
2021,2021,0,Total,43259,13196.0,"Census Tract 1014.03, Tarrant County, TX",14000US48439101403
2021,2021,0,Total,44967,10049.0,"Census Tract 1015, Tarrant County, TX",14000US48439101500
2021,2021,0,Total,33088,6879.0,"Census Tract 1017, Tarrant County, TX",14000US48439101700
2021,2021,0,Total,83415,19193.0,"Census Tract 1020, Tarrant County, TX",14000US48439102000
2021,2021,0,Total,85064,6239.0,"Census Tract 1022.01, Tarrant County, TX",14000US48439102201
2021,2021,0,Total,94698,23844.0,"Census Tract 1022.02, Tarrant County, TX",14000US48439102202
2021,2021,0,Total,39309,15044.0,"Census Tract 1023.01, Tarrant County, TX",14000US48439102301
2021,2021,0,Total,64154,8346.0,"Census Tract 1024.01, Tarrant County, TX",14000US48439102401
2021,2021,0,Total,122672,18619.0,"Census Tract 1024.02, Tarrant County, TX",14000US48439102402
2021,2021,0,Total,39962,7330.0,"Census Tract 1025, Tarrant County, TX",14000US48439102500
2021,2021,0,Total,39000,6119.0,"Census Tract 1026.01, Tarrant County, TX",14000US48439102601
2021,2021,0,Total,67165,25589.0,"Census Tract 1026.02, Tarrant County, TX",14000US48439102602
2021,2021,0,Total,85000,11221.0,"Census Tract 1027, Tarrant County, TX",14000US48439102700
2021,2021,0,Total,43967,10085.0,"Census Tract 1035, Tarrant County, TX",14000US48439103500
2021,2021,0,Total,26344,9170.0,"Census Tract 1036.01, Tarrant County, TX",14000US48439103601
2021,2021,0,Total,41048,8422.0,"Census Tract 1036.02, Tarrant County, TX",14000US48439103602
2021,2021,0,Total,45896,9381.0,"Census Tract 1037.01, Tarrant County, TX",14000US48439103701
2021,2021,0,Total,49438,17147.0,"Census Tract 1037.02, Tarrant County, TX",14000US48439103702
2021,2021,0,Total,31948,9367.0,"Census Tract 1038, Tarrant County, TX",14000US48439103800
2021,2021,0,Total,86680,31651.0,"Census Tract 1041, Tarrant County, TX",14000US48439104100
2021,2021,0,Total,82946,23380.0,"Census Tract 1042.02, Tarrant County, TX",14000US48439104202
2021,2021,0,Total,68911,17456.0,"Census Tract 1044, Tarrant County, TX",14000US48439104400
2021,2021,0,Total,47619,17299.0,"Census Tract 1045.02, Tarrant County, TX",14000US48439104502
2021,2021,0,Total,39225,6442.0,"Census Tract 1045.03, Tarrant County, TX",14000US48439104503
2021,2021,0,Total,31542,9531.0,"Census Tract 1045.04, Tarrant County, TX",14000US48439104504
2021,2021,0,Total,34521,6297.0,"Census Tract 1045.05, Tarrant County, TX",14000US48439104505
2021,2021,0,Total,45895,5060.0,"Census Tract 1046.01, Tarrant County, TX",14000US48439104601
2021,2021,0,Total,43013,12212.0,"Census Tract 1046.02, Tarrant County, TX",14000US48439104602
2021,2021,0,Total,42893,14772.999999999998,"Census Tract 1046.03, Tarrant County, TX",14000US48439104603
2021,2021,0,Total,39479,6061.0,"Census Tract 1046.04, Tarrant County, TX",14000US48439104604
2021,2021,0,Total,39905,8571.0,"Census Tract 1046.05, Tarrant County, TX",14000US48439104605
2021,2021,0,Total,50151,14830.0,"Census Tract 1047.01, Tarrant County, TX",14000US48439104701
2021,2021,0,Total,42617,5161.0,"Census Tract 1047.02, Tarrant County, TX",14000US48439104702
2021,2021,0,Total,42216,14881.999999999998,"Census Tract 1048.02, Tarrant County, TX",14000US48439104802
2021,2021,0,Total,42122,15809.000000000002,"Census Tract 1048.03, Tarrant County, TX",14000US48439104803
2021,2021,0,Total,49900,18913.0,"Census Tract 1048.04, Tarrant County, TX",14000US48439104804
2021,2021,0,Total,50798,8495.0,"Census Tract 1049, Tarrant County, TX",14000US48439104900
2021,2021,0,Total,62238,13143.0,"Census Tract 1050.07, Tarrant County, TX",14000US48439105007
2021,2021,0,Total,30327,4401.0,"Census Tract 1052.01, Tarrant County, TX",14000US48439105201
2021,2021,0,Total,44770,16995.0,"Census Tract 1052.03, Tarrant County, TX",14000US48439105203
2021,2021,0,Total,29129,8325.0,"Census Tract 1052.04, Tarrant County, TX",14000US48439105204
2021,2021,0,Total,97377,19217.0,"Census Tract 1054.03, Tarrant County, TX",14000US48439105403
2021,2021,0,Total,155268,22650.0,"Census Tract 1054.04, Tarrant County, TX",14000US48439105404
2021,2021,0,Total,68736,16722.0,"Census Tract 1055.02, Tarrant County, TX",14000US48439105502
2021,2021,0,Total,59411,6663.0,"Census Tract 1055.03, Tarrant County, TX",14000US48439105503
2021,2021,0,Total,62973,10705.0,"Census Tract 1055.05, Tarrant County, TX",14000US48439105505
2021,2021,0,Total,62820,11146.0,"Census Tract 1055.11, Tarrant County, TX",14000US48439105511
2021,2021,0,Total,94948,11961.0,"Census Tract 1055.12, Tarrant County, TX",14000US48439105512
2021,2021,0,Total,37292,6592.0,"Census Tract 1055.13, Tarrant County, TX",14000US48439105513
2021,2021,0,Total,42485,5854.0,"Census Tract 1055.14, Tarrant County, TX",14000US48439105514
2021,2021,0,Total,66652,9499.0,"Census Tract 1056, Tarrant County, TX",14000US48439105600
2021,2021,0,Total,81706,3477.0,"Census Tract 1057.01, Tarrant County, TX",14000US48439105701
2021,2021,0,Total,42005,20945.0,"Census Tract 1057.03, Tarrant County, TX",14000US48439105703
2021,2021,0,Total,47724,9838.0,"Census Tract 1058, Tarrant County, TX",14000US48439105800
2021,2021,0,Total,50551,6382.0,"Census Tract 1059.01, Tarrant County, TX",14000US48439105901
2021,2021,0,Total,32616,10385.0,"Census Tract 1059.02, Tarrant County, TX",14000US48439105902
2021,2021,0,Total,47594,9509.0,"Census Tract 1061.01, Tarrant County, TX",14000US48439106101
2021,2021,0,Total,31904,8238.0,"Census Tract 1061.02, Tarrant County, TX",14000US48439106102
2021,2021,0,Total,39697,18668.0,"Census Tract 1062.01, Tarrant County, TX",14000US48439106201
2021,2021,0,Total,33443,10098.0,"Census Tract 1062.02, Tarrant County, TX",14000US48439106202
2021,2021,0,Total,37029,8818.0,"Census Tract 1063, Tarrant County, TX",14000US48439106300
2021,2021,0,Total,59655,17212.0,"Census Tract 1065.02, Tarrant County, TX",14000US48439106502
2021,2021,0,Total,49627,7687.999999999999,"Census Tract 1065.03, Tarrant County, TX",14000US48439106503
2021,2021,0,Total,57219,8200.0,"Census Tract 1065.07, Tarrant County, TX",14000US48439106507
2021,2021,0,Total,56204,9953.0,"Census Tract 1065.12, Tarrant County, TX",14000US48439106512
2021,2021,0,Total,56950,9978.0,"Census Tract 1065.13, Tarrant County, TX",14000US48439106513
2021,2021,0,Total,50541,14021.0,"Census Tract 1065.15, Tarrant County, TX",14000US48439106515
2021,2021,0,Total,60701,12112.0,"Census Tract 1065.18, Tarrant County, TX",14000US48439106518
2021,2021,0,Total,68025,11128.0,"Census Tract 1067, Tarrant County, TX",14000US48439106700
2021,2021,0,Total,72070,17049.0,"Census Tract 1108.05, Tarrant County, TX",14000US48439110805
2021,2021,0,Total,96453,9642.0,"Census Tract 1108.06, Tarrant County, TX",14000US48439110806
2021,2021,0,Total,84036,17651.0,"Census Tract 1108.07, Tarrant County, TX",14000US48439110807
2021,2021,0,Total,77162,6608.0,"Census Tract 1110.10, Tarrant County, TX",14000US48439111010
2021,2021,0,Total,74330,15428.0,"Census Tract 1139.16, Tarrant County, TX",14000US48439113916
2021,2021,0,Total,73199,9870.0,"Census Tract 1139.18, Tarrant County, TX",14000US48439113918
2021,2021,0,Total,125927,5674.0,"Census Tract 1139.19, Tarrant County, TX",14000US48439113919
2021,2021,0,Total,81887,7652.999999999999,"Census Tract 1139.23, Tarrant County, TX",14000US48439113923
2021,2021,0,Total,92582,13813.0,"Census Tract 1139.24, Tarrant County, TX",14000US48439113924
2021,2021,0,Total,87535,25713.0,"Census Tract 1139.25, Tarrant County, TX",14000US48439113925
2021,2021,0,Total,31433,11545.0,"Census Tract 1231, Tarrant County, TX",14000US48439123100
2021,2021,0,Total,57308,17597.0,"Census Tract 1232, Tarrant County, TX",14000US48439123200
2021,2021,0,Total,45509,7023.0,"Census Tract 1235, Tarrant County, TX",14000US48439123500
2021,2021,0,Total,47731,11246.0,"Census Tract 1236, Tarrant County, TX",14000US48439123600
2020,2020,0,Total,51442,12377.0,"Census Tract 1001.01, Tarrant County, TX",14000US48439100101
2020,2020,0,Total,60472,14959.0,"Census Tract 1001.02, Tarrant County, TX",14000US48439100102
2020,2020,0,Total,37446,8031.999999999999,"Census Tract 1002.01, Tarrant County, TX",14000US48439100201
2020,2020,0,Total,44347,11952.0,"Census Tract 1002.02, Tarrant County, TX",14000US48439100202
2020,2020,0,Total,39934,12248.0,"Census Tract 1003, Tarrant County, TX",14000US48439100300
2020,2020,0,Total,48239,8858.0,"Census Tract 1008, Tarrant County, TX",14000US48439100800
2020,2020,0,Total,30357,11971.0,"Census Tract 1009, Tarrant County, TX",14000US48439100900
2020,2020,0,Total,57510,9674.0,"Census Tract 1012.02, Tarrant County, TX",14000US48439101202
2020,2020,0,Total,61887,9119.0,"Census Tract 1013.01, Tarrant County, TX",14000US48439101301
2020,2020,0,Total,52356,11889.0,"Census Tract 1014.01, Tarrant County, TX",14000US48439101401
2020,2020,0,Total,44563,7318.999999999999,"Census Tract 1014.02, Tarrant County, TX",14000US48439101402
2020,2020,0,Total,39750,8083.0,"Census Tract 1014.03, Tarrant County, TX",14000US48439101403
2020,2020,0,Total,44396,9559.0,"Census Tract 1015, Tarrant County, TX",14000US48439101500
2020,2020,0,Total,26554,7742.999999999999,"Census Tract 1017, Tarrant County, TX",14000US48439101700
2020,2020,0,Total,75227,14121.0,"Census Tract 1020, Tarrant County, TX",14000US48439102000
2020,2020,0,Total,84537,20901.0,"Census Tract 1022.01, Tarrant County, TX",14000US48439102201
2020,2020,0,Total,100033,35894.0,"Census Tract 1022.02, Tarrant County, TX",14000US48439102202
2020,2020,0,Total,37146,13215.0,"Census Tract 1023.01, Tarrant County, TX",14000US48439102301
2020,2020,0,Total,61157,7699.0,"Census Tract 1024.01, Tarrant County, TX",14000US48439102401
2020,2020,0,Total,120053,18849.0,"Census Tract 1024.02, Tarrant County, TX",14000US48439102402
2020,2020,0,Total,32733,10185.0,"Census Tract 1025, Tarrant County, TX",14000US48439102500
2020,2020,0,Total,36469,2823.0,"Census Tract 1026.01, Tarrant County, TX",14000US48439102601
2020,2020,0,Total,74375,16949.0,"Census Tract 1026.02, Tarrant County, TX",14000US48439102602
2020,2020,0,Total,80673,13220.0,"Census Tract 1027, Tarrant County, TX",14000US48439102700
2020,2020,0,Total,34464,15857.0,"Census Tract 1035, Tarrant County, TX",14000US48439103500
2020,2020,0,Total,19712,6453.0,"Census Tract 1036.01, Tarrant County, TX",14000US48439103601
2020,2020,0,Total,35904,6854.0,"Census Tract 1036.02, Tarrant County, TX",14000US48439103602
2020,2020,0,Total,44611,12365.0,"Census Tract 1037.01, Tarrant County, TX",14000US48439103701
2020,2020,0,Total,45096,10075.0,"Census Tract 1037.02, Tarrant County, TX",14000US48439103702
2020,2020,0,Total,31426,9720.0,"Census Tract 1038, Tarrant County, TX",14000US48439103800
2020,2020,0,Total,84574,25084.0,"Census Tract 1041, Tarrant County, TX",14000US48439104100
2020,2020,0,Total,73036,22728.0,"Census Tract 1042.02, Tarrant County, TX",14000US48439104202
2020,2020,0,Total,61216,18896.0,"Census Tract 1044, Tarrant County, TX",14000US48439104400
2020,2020,0,Total,46645,11285.0,"Census Tract 1045.02, Tarrant County, TX",14000US48439104502
2020,2020,0,Total,37368,9529.0,"Census Tract 1045.03, Tarrant County, TX",14000US48439104503
2020,2020,0,Total,35678,12522.0,"Census Tract 1045.04, Tarrant County, TX",14000US48439104504
2020,2020,0,Total,32280,4065.0,"Census Tract 1045.05, Tarrant County, TX",14000US48439104505
2020,2020,0,Total,43025,4583.0,"Census Tract 1046.01, Tarrant County, TX",14000US48439104601
2020,2020,0,Total,43867,10620.0,"Census Tract 1046.02, Tarrant County, TX",14000US48439104602
2020,2020,0,Total,45147,12689.0,"Census Tract 1046.03, Tarrant County, TX",14000US48439104603
2020,2020,0,Total,38851,4917.0,"Census Tract 1046.04, Tarrant County, TX",14000US48439104604
2020,2020,0,Total,37902,12272.0,"Census Tract 1046.05, Tarrant County, TX",14000US48439104605
2020,2020,0,Total,44083,7809.999999999999,"Census Tract 1047.01, Tarrant County, TX",14000US48439104701
2020,2020,0,Total,34238,7026.0,"Census Tract 1047.02, Tarrant County, TX",14000US48439104702
2020,2020,0,Total,36953,7892.000000000001,"Census Tract 1048.02, Tarrant County, TX",14000US48439104802
2020,2020,0,Total,39144,7582.0,"Census Tract 1048.03, Tarrant County, TX",14000US48439104803
2020,2020,0,Total,49968,15280.000000000002,"Census Tract 1048.04, Tarrant County, TX",14000US48439104804
2020,2020,0,Total,47886,4306.0,"Census Tract 1049, Tarrant County, TX",14000US48439104900
2020,2020,0,Total,59137,11257.0,"Census Tract 1050.07, Tarrant County, TX",14000US48439105007
2020,2020,0,Total,29632,4351.0,"Census Tract 1052.01, Tarrant County, TX",14000US48439105201
2020,2020,0,Total,52077,12735.0,"Census Tract 1052.03, Tarrant County, TX",14000US48439105203
2020,2020,0,Total,33343,6538.0,"Census Tract 1052.04, Tarrant County, TX",14000US48439105204
2020,2020,0,Total,86283,13488.0,"Census Tract 1054.03, Tarrant County, TX",14000US48439105403
2020,2020,0,Total,143750,23721.0,"Census Tract 1054.04, Tarrant County, TX",14000US48439105404
2020,2020,0,Total,67422,17020.0,"Census Tract 1055.02, Tarrant County, TX",14000US48439105502
2020,2020,0,Total,57311,9526.0,"Census Tract 1055.03, Tarrant County, TX",14000US48439105503
2020,2020,0,Total,61750,8526.0,"Census Tract 1055.05, Tarrant County, TX",14000US48439105505
2020,2020,0,Total,57309,10603.0,"Census Tract 1055.11, Tarrant County, TX",14000US48439105511
2020,2020,0,Total,87925,28692.0,"Census Tract 1055.12, Tarrant County, TX",14000US48439105512
2020,2020,0,Total,33039,5272.0,"Census Tract 1055.13, Tarrant County, TX",14000US48439105513
2020,2020,0,Total,42577,6530.0,"Census Tract 1055.14, Tarrant County, TX",14000US48439105514
2020,2020,0,Total,64019,4884.0,"Census Tract 1056, Tarrant County, TX",14000US48439105600
2020,2020,0,Total,79470,11104.0,"Census Tract 1057.01, Tarrant County, TX",14000US48439105701
2020,2020,0,Total,60394,20894.0,"Census Tract 1057.03, Tarrant County, TX",14000US48439105703
2020,2020,0,Total,40738,9523.0,"Census Tract 1058, Tarrant County, TX",14000US48439105800
2020,2020,0,Total,49781,10813.0,"Census Tract 1059.01, Tarrant County, TX",14000US48439105901
2020,2020,0,Total,23425,7642.0,"Census Tract 1059.02, Tarrant County, TX",14000US48439105902
2020,2020,0,Total,45451,6962.000000000001,"Census Tract 1061.01, Tarrant County, TX",14000US48439106101
2020,2020,0,Total,29611,7072.000000000001,"Census Tract 1061.02, Tarrant County, TX",14000US48439106102
2020,2020,0,Total,42826,21940.0,"Census Tract 1062.01, Tarrant County, TX",14000US48439106201
2020,2020,0,Total,33957,3398.0,"Census Tract 1062.02, Tarrant County, TX",14000US48439106202
2020,2020,0,Total,37845,9019.0,"Census Tract 1063, Tarrant County, TX",14000US48439106300
2020,2020,0,Total,64318,17689.0,"Census Tract 1065.02, Tarrant County, TX",14000US48439106502
2020,2020,0,Total,47120,9079.0,"Census Tract 1065.03, Tarrant County, TX",14000US48439106503
2020,2020,0,Total,57553,8123.0,"Census Tract 1065.07, Tarrant County, TX",14000US48439106507
2020,2020,0,Total,54342,12101.0,"Census Tract 1065.12, Tarrant County, TX",14000US48439106512
2020,2020,0,Total,53367,5623.0,"Census Tract 1065.13, Tarrant County, TX",14000US48439106513
2020,2020,0,Total,37090,11974.0,"Census Tract 1065.15, Tarrant County, TX",14000US48439106515
2020,2020,0,Total,62875,13256.0,"Census Tract 1065.18, Tarrant County, TX",14000US48439106518
2020,2020,0,Total,58972,11906.0,"Census Tract 1067, Tarrant County, TX",14000US48439106700
2020,2020,0,Total,83375,23147.0,"Census Tract 1108.05, Tarrant County, TX",14000US48439110805
2020,2020,0,Total,94409,6514.0,"Census Tract 1108.06, Tarrant County, TX",14000US48439110806
2020,2020,0,Total,81580,18264.0,"Census Tract 1108.07, Tarrant County, TX",14000US48439110807
2020,2020,0,Total,73214,9064.0,"Census Tract 1110.10, Tarrant County, TX",14000US48439111010
2020,2020,0,Total,64349,13316.0,"Census Tract 1139.16, Tarrant County, TX",14000US48439113916
2020,2020,0,Total,65391,9834.0,"Census Tract 1139.18, Tarrant County, TX",14000US48439113918
2020,2020,0,Total,120659,3976.0,"Census Tract 1139.19, Tarrant County, TX",14000US48439113919
2020,2020,0,Total,78435,8407.0,"Census Tract 1139.23, Tarrant County, TX",14000US48439113923
2020,2020,0,Total,87765,12149.0,"Census Tract 1139.24, Tarrant County, TX",14000US48439113924
2020,2020,0,Total,74778,26856.0,"Census Tract 1139.25, Tarrant County, TX",14000US48439113925
2020,2020,0,Total,26885,13857.0,"Census Tract 1231, Tarrant County, TX",14000US48439123100
2020,2020,0,Total,60343,16433.0,"Census Tract 1232, Tarrant County, TX",14000US48439123200
2020,2020,0,Total,38114,8118.0,"Census Tract 1235, Tarrant County, TX",14000US48439123500
2020,2020,0,Total,38444,9863.0,"Census Tract 1236, Tarrant County, TX",14000US48439123600
2019,2019,0,Total,50369,12549.0,"Census Tract 1001.01, Tarrant County, TX",14000US48439100101
2019,2019,0,Total,58125,10487.0,"Census Tract 1001.02, Tarrant County, TX",14000US48439100102
2019,2019,0,Total,40814,7600.0,"Census Tract 1002.01, Tarrant County, TX",14000US48439100201
2019,2019,0,Total,47944,9355.0,"Census Tract 1002.02, Tarrant County, TX",14000US48439100202
2019,2019,0,Total,36007,4404.0,"Census Tract 1003, Tarrant County, TX",14000US48439100300
2019,2019,0,Total,30679,4031.0,"Census Tract 1004, Tarrant County, TX",14000US48439100400
2019,2019,0,Total,46382,7373.0,"Census Tract 1005.02, Tarrant County, TX",14000US48439100502
2019,2019,0,Total,44358,2838.0,"Census Tract 1008, Tarrant County, TX",14000US48439100800
2019,2019,0,Total,28401,6932.999999999999,"Census Tract 1009, Tarrant County, TX",14000US48439100900
2019,2019,0,Total,55523,8248.0,"Census Tract 1012.02, Tarrant County, TX",14000US48439101202
2019,2019,0,Total,58975,8563.0,"Census Tract 1013.01, Tarrant County, TX",14000US48439101301
2019,2019,0,Total,60625,12135.0,"Census Tract 1014.01, Tarrant County, TX",14000US48439101401
2019,2019,0,Total,38654,6174.0,"Census Tract 1014.02, Tarrant County, TX",14000US48439101402
2019,2019,0,Total,36780,4310.0,"Census Tract 1014.03, Tarrant County, TX",14000US48439101403
2019,2019,0,Total,39706,9508.0,"Census Tract 1015, Tarrant County, TX",14000US48439101500
2019,2019,0,Total,16125,5651.0,"Census Tract 1017, Tarrant County, TX",14000US48439101700
2019,2019,0,Total,88591,12712.0,"Census Tract 1020, Tarrant County, TX",14000US48439102000
2019,2019,0,Total,68162,12040.0,"Census Tract 1021, Tarrant County, TX",14000US48439102100
2019,2019,0,Total,77500,10687.0,"Census Tract 1022.01, Tarrant County, TX",14000US48439102201
2019,2019,0,Total,110887,20021.0,"Census Tract 1022.02, Tarrant County, TX",14000US48439102202
2019,2019,0,Total,36942,9121.0,"Census Tract 1023.01, Tarrant County, TX",14000US48439102301
2019,2019,0,Total,59306,10314.0,"Census Tract 1024.01, Tarrant County, TX",14000US48439102401
2019,2019,0,Total,111250,13949.999999999998,"Census Tract 1024.02, Tarrant County, TX",14000US48439102402
2019,2019,0,Total,26477,4913.0,"Census Tract 1025, Tarrant County, TX",14000US48439102500
2019,2019,0,Total,39810,6096.0,"Census Tract 1026.01, Tarrant County, TX",14000US48439102601
2019,2019,0,Total,75673,13172.0,"Census Tract 1026.02, Tarrant County, TX",14000US48439102602
2019,2019,0,Total,79663,16043.000000000002,"Census Tract 1027, Tarrant County, TX",14000US48439102700
2019,2019,0,Total,107837,20483.0,"Census Tract 1028, Tarrant County, TX",14000US48439102800
2019,2019,0,Total,38000,12347.0,"Census Tract 1035, Tarrant County, TX",14000US48439103500
2019,2019,0,Total,16181,6654.0,"Census Tract 1036.01, Tarrant County, TX",14000US48439103601
2019,2019,0,Total,34722,8766.0,"Census Tract 1036.02, Tarrant County, TX",14000US48439103602
2019,2019,0,Total,28061,7383.999999999999,"Census Tract 1037.01, Tarrant County, TX",14000US48439103701
2019,2019,0,Total,37760,6906.0,"Census Tract 1037.02, Tarrant County, TX",14000US48439103702
2019,2019,0,Total,21419,2910.0,"Census Tract 1038, Tarrant County, TX",14000US48439103800
2019,2019,0,Total,80496,3948.0,"Census Tract 1041, Tarrant County, TX",14000US48439104100
2019,2019,0,Total,104625,25658.0,"Census Tract 1042.01, Tarrant County, TX",14000US48439104201
2019,2019,0,Total,69063,17770.0,"Census Tract 1042.02, Tarrant County, TX",14000US48439104202
2019,2019,0,Total,40219,21609.0,"Census Tract 1043, Tarrant County, TX",14000US48439104300
2019,2019,0,Total,60588,10660.0,"Census Tract 1044, Tarrant County, TX",14000US48439104400
2019,2019,0,Total,38833,8328.0,"Census Tract 1045.02, Tarrant County, TX",14000US48439104502
2019,2019,0,Total,44219,5427.0,"Census Tract 1045.03, Tarrant County, TX",14000US48439104503
2019,2019,0,Total,30430,7706.0,"Census Tract 1045.04, Tarrant County, TX",14000US48439104504
2019,2019,0,Total,32965,6163.0,"Census Tract 1045.05, Tarrant County, TX",14000US48439104505
2019,2019,0,Total,36529,3575.9999999999995,"Census Tract 1046.01, Tarrant County, TX",14000US48439104601
2019,2019,0,Total,42103,6333.0,"Census Tract 1046.02, Tarrant County, TX",14000US48439104602
2019,2019,0,Total,40688,7021.0,"Census Tract 1046.03, Tarrant County, TX",14000US48439104603
2019,2019,0,Total,38094,4985.0,"Census Tract 1046.04, Tarrant County, TX",14000US48439104604
2019,2019,0,Total,33672,5963.0,"Census Tract 1046.05, Tarrant County, TX",14000US48439104605
2019,2019,0,Total,44043,5802.0,"Census Tract 1047.01, Tarrant County, TX",14000US48439104701
2019,2019,0,Total,34055,6705.0,"Census Tract 1047.02, Tarrant County, TX",14000US48439104702
2019,2019,0,Total,37917,10200.0,"Census Tract 1048.02, Tarrant County, TX",14000US48439104802
2019,2019,0,Total,39226,4173.0,"Census Tract 1048.03, Tarrant County, TX",14000US48439104803
2019,2019,0,Total,40595,5182.0,"Census Tract 1048.04, Tarrant County, TX",14000US48439104804
2019,2019,0,Total,44097,6539.0,"Census Tract 1049, Tarrant County, TX",14000US48439104900
2019,2019,0,Total,57075,6274.0,"Census Tract 1050.07, Tarrant County, TX",14000US48439105007
2019,2019,0,Total,32083,5486.0,"Census Tract 1052.01, Tarrant County, TX",14000US48439105201
2019,2019,0,Total,50379,5586.0,"Census Tract 1052.03, Tarrant County, TX",14000US48439105203
2019,2019,0,Total,30145,3802.0,"Census Tract 1052.04, Tarrant County, TX",14000US48439105204
2019,2019,0,Total,28724,2177.0,"Census Tract 1052.05, Tarrant County, TX",14000US48439105205
2019,2019,0,Total,83844,11841.0,"Census Tract 1054.03, Tarrant County, TX",14000US48439105403
2019,2019,0,Total,150592,18213.0,"Census Tract 1054.04, Tarrant County, TX",14000US48439105404
2019,2019,0,Total,66422,13059.0,"Census Tract 1055.02, Tarrant County, TX",14000US48439105502
2019,2019,0,Total,63393,12460.0,"Census Tract 1055.03, Tarrant County, TX",14000US48439105503
2019,2019,0,Total,61490,5792.0,"Census Tract 1055.05, Tarrant County, TX",14000US48439105505
2019,2019,0,Total,53176,2933.0,"Census Tract 1055.08, Tarrant County, TX",14000US48439105508
2019,2019,0,Total,59891,11288.0,"Census Tract 1055.10, Tarrant County, TX",14000US48439105510
2019,2019,0,Total,49636,8658.0,"Census Tract 1055.11, Tarrant County, TX",14000US48439105511
2019,2019,0,Total,80833,16949.0,"Census Tract 1055.12, Tarrant County, TX",14000US48439105512
2019,2019,0,Total,33787,5057.0,"Census Tract 1055.13, Tarrant County, TX",14000US48439105513
2019,2019,0,Total,44247,7229.000000000001,"Census Tract 1055.14, Tarrant County, TX",14000US48439105514
2019,2019,0,Total,60822,5121.0,"Census Tract 1056, Tarrant County, TX",14000US48439105600
2019,2019,0,Total,76575,7894.999999999999,"Census Tract 1057.01, Tarrant County, TX",14000US48439105701
2019,2019,0,Total,59722,16424.0,"Census Tract 1057.03, Tarrant County, TX",14000US48439105703
2019,2019,0,Total,51287,8204.0,"Census Tract 1057.04, Tarrant County, TX",14000US48439105704
2019,2019,0,Total,41725,7908.0,"Census Tract 1058, Tarrant County, TX",14000US48439105800
2019,2019,0,Total,49833,8749.0,"Census Tract 1059.01, Tarrant County, TX",14000US48439105901
2019,2019,0,Total,29150,7560.999999999999,"Census Tract 1059.02, Tarrant County, TX",14000US48439105902
2019,2019,0,Total,51696,7832.000000000001,"Census Tract 1060.01, Tarrant County, TX",14000US48439106001
2019,2019,0,Total,47857,11550.0,"Census Tract 1061.01, Tarrant County, TX",14000US48439106101
2019,2019,0,Total,30863,8227.0,"Census Tract 1061.02, Tarrant County, TX",14000US48439106102
2019,2019,0,Total,43207,3565.9999999999995,"Census Tract 1062.01, Tarrant County, TX",14000US48439106201
2019,2019,0,Total,28818,2440.0,"Census Tract 1062.02, Tarrant County, TX",14000US48439106202
2019,2019,0,Total,38080,4762.0,"Census Tract 1063, Tarrant County, TX",14000US48439106300
2019,2019,0,Total,52393,7277.0,"Census Tract 1065.02, Tarrant County, TX",14000US48439106502
2019,2019,0,Total,46580,8707.0,"Census Tract 1065.03, Tarrant County, TX",14000US48439106503
2019,2019,0,Total,52500,13136.0,"Census Tract 1065.07, Tarrant County, TX",14000US48439106507
2019,2019,0,Total,95625,10389.0,"Census Tract 1065.10, Tarrant County, TX",14000US48439106510
2019,2019,0,Total,43586,15181.000000000002,"Census Tract 1065.11, Tarrant County, TX",14000US48439106511
2019,2019,0,Total,46500,8348.0,"Census Tract 1065.12, Tarrant County, TX",14000US48439106512
2019,2019,0,Total,55357,14157.0,"Census Tract 1065.13, Tarrant County, TX",14000US48439106513
2019,2019,0,Total,42917,11189.0,"Census Tract 1065.15, Tarrant County, TX",14000US48439106515
2019,2019,0,Total,32446,10654.0,"Census Tract 1065.16, Tarrant County, TX",14000US48439106516
2019,2019,0,Total,57912,6684.0,"Census Tract 1065.18, Tarrant County, TX",14000US48439106518
2019,2019,0,Total,65190,7933.0,"Census Tract 1067, Tarrant County, TX",14000US48439106700
2019,2019,0,Total,72964,11179.0,"Census Tract 1108.05, Tarrant County, TX",14000US48439110805
2019,2019,0,Total,90278,7303.0,"Census Tract 1108.06, Tarrant County, TX",14000US48439110806
2019,2019,0,Total,80417,14953.0,"Census Tract 1108.07, Tarrant County, TX",14000US48439110807
2019,2019,0,Total,52675,13673.0,"Census Tract 1110.05, Tarrant County, TX",14000US48439111005
2019,2019,0,Total,76607,12713.0,"Census Tract 1110.10, Tarrant County, TX",14000US48439111010
2019,2019,0,Total,75026,8623.0,"Census Tract 1110.11, Tarrant County, TX",14000US48439111011
2019,2019,0,Total,73650,11913.0,"Census Tract 1110.12, Tarrant County, TX",14000US48439111012
2019,2019,0,Total,108910,11905.0,"Census Tract 1110.17, Tarrant County, TX",14000US48439111017
2019,2019,0,Total,63693,6877.999999999999,"Census Tract 1139.16, Tarrant County, TX",14000US48439113916
2019,2019,0,Total,69968,9798.0,"Census Tract 1139.18, Tarrant County, TX",14000US48439113918
2019,2019,0,Total,111801,16227.000000000002,"Census Tract 1139.19, Tarrant County, TX",14000US48439113919
2019,2019,0,Total,97228,14357.0,"Census Tract 1139.22, Tarrant County, TX",14000US48439113922
2019,2019,0,Total,76551,5776.0,"Census Tract 1139.23, Tarrant County, TX",14000US48439113923
2019,2019,0,Total,80643,7897.000000000001,"Census Tract 1139.24, Tarrant County, TX",14000US48439113924
2019,2019,0,Total,74088,13010.0,"Census Tract 1139.25, Tarrant County, TX",14000US48439113925
2019,2019,0,Total,93922,12658.0,"Census Tract 1139.28, Tarrant County, TX",14000US48439113928
2019,2019,0,Total,119792,14622.999999999998,"Census Tract 1141.02, Tarrant County, TX",14000US48439114102
2019,2019,0,Total,28484,4064.0,"Census Tract 1231, Tarrant County, TX",14000US48439123100
2019,2019,0,Total,60363,10397.0,"Census Tract 1232, Tarrant County, TX",14000US48439123200
2019,2019,0,Total,90464,15807.0,"Census Tract 1233, Tarrant County, TX",14000US48439123300
2019,2019,0,Total,58301,5811.0,"Census Tract 1234, Tarrant County, TX",14000US48439123400
2019,2019,0,Total,38641,6325.0,"Census Tract 1235, Tarrant County, TX",14000US48439123500
2019,2019,0,Total,29901,6445.0,"Census Tract 1236, Tarrant County, TX",14000US48439123600
2018,2018,0,Total,55739,12856.0,"Census Tract 1001.01, Tarrant County, TX",14000US48439100101
2018,2018,0,Total,51182,7515.0,"Census Tract 1001.02, Tarrant County, TX",14000US48439100102
2018,2018,0,Total,36504,5326.0,"Census Tract 1002.01, Tarrant County, TX",14000US48439100201
2018,2018,0,Total,44286,9266.0,"Census Tract 1002.02, Tarrant County, TX",14000US48439100202
2018,2018,0,Total,35928,2928.0,"Census Tract 1003, Tarrant County, TX",14000US48439100300
2018,2018,0,Total,31853,3096.0,"Census Tract 1004, Tarrant County, TX",14000US48439100400
2018,2018,0,Total,42066,8781.0,"Census Tract 1005.02, Tarrant County, TX",14000US48439100502
2018,2018,0,Total,43114,2368.0,"Census Tract 1008, Tarrant County, TX",14000US48439100800
2018,2018,0,Total,30333,6283.0,"Census Tract 1009, Tarrant County, TX",14000US48439100900
2018,2018,0,Total,44534,3969.0,"Census Tract 1012.02, Tarrant County, TX",14000US48439101202
2018,2018,0,Total,38844,10997.0,"Census Tract 1013.01, Tarrant County, TX",14000US48439101301
2018,2018,0,Total,59583,9329.0,"Census Tract 1014.01, Tarrant County, TX",14000US48439101401
2018,2018,0,Total,35805,7575.0,"Census Tract 1014.02, Tarrant County, TX",14000US48439101402
2018,2018,0,Total,35948,5068.0,"Census Tract 1014.03, Tarrant County, TX",14000US48439101403
2018,2018,0,Total,37675,11159.0,"Census Tract 1015, Tarrant County, TX",14000US48439101500
2018,2018,0,Total,14323,2803.0,"Census Tract 1017, Tarrant County, TX",14000US48439101700
2018,2018,0,Total,86673,7079.999999999999,"Census Tract 1020, Tarrant County, TX",14000US48439102000
2018,2018,0,Total,60918,12568.0,"Census Tract 1021, Tarrant County, TX",14000US48439102100
2018,2018,0,Total,73446,11002.0,"Census Tract 1022.01, Tarrant County, TX",14000US48439102201
2018,2018,0,Total,100714,19846.0,"Census Tract 1022.02, Tarrant County, TX",14000US48439102202
2018,2018,0,Total,37250,6984.999999999999,"Census Tract 1023.01, Tarrant County, TX",14000US48439102301
2018,2018,0,Total,50515,21770.0,"Census Tract 1024.01, Tarrant County, TX",14000US48439102401
2018,2018,0,Total,101042,21919.0,"Census Tract 1024.02, Tarrant County, TX",14000US48439102402
2018,2018,0,Total,20762,6272.0,"Census Tract 1025, Tarrant County, TX",14000US48439102500
2018,2018,0,Total,39748,5866.0,"Census Tract 1026.01, Tarrant County, TX",14000US48439102601
2018,2018,0,Total,71083,12019.0,"Census Tract 1026.02, Tarrant County, TX",14000US48439102602
2018,2018,0,Total,75347,12907.0,"Census Tract 1027, Tarrant County, TX",14000US48439102700
2018,2018,0,Total,92969,12959.0,"Census Tract 1028, Tarrant County, TX",14000US48439102800
2018,2018,0,Total,31780,5624.0,"Census Tract 1035, Tarrant County, TX",14000US48439103500
2018,2018,0,Total,16914,4879.0,"Census Tract 1036.01, Tarrant County, TX",14000US48439103601
2018,2018,0,Total,27885,6758.000000000001,"Census Tract 1036.02, Tarrant County, TX",14000US48439103602
2018,2018,0,Total,27017,6395.0,"Census Tract 1037.01, Tarrant County, TX",14000US48439103701
2018,2018,0,Total,30882,7549.0,"Census Tract 1037.02, Tarrant County, TX",14000US48439103702
2018,2018,0,Total,21364,4370.0,"Census Tract 1038, Tarrant County, TX",14000US48439103800
2018,2018,0,Total,78071,10274.0,"Census Tract 1041, Tarrant County, TX",14000US48439104100
2018,2018,0,Total,110370,29256.0,"Census Tract 1042.01, Tarrant County, TX",14000US48439104201
2018,2018,0,Total,62708,4226.0,"Census Tract 1042.02, Tarrant County, TX",14000US48439104202
2018,2018,0,Total,39775,7115.0,"Census Tract 1043, Tarrant County, TX",14000US48439104300
2018,2018,0,Total,54537,12799.0,"Census Tract 1044, Tarrant County, TX",14000US48439104400
2018,2018,0,Total,35606,3558.0,"Census Tract 1045.02, Tarrant County, TX",14000US48439104502
2018,2018,0,Total,42386,6795.000000000001,"Census Tract 1045.03, Tarrant County, TX",14000US48439104503
2018,2018,0,Total,29056,7933.0,"Census Tract 1045.04, Tarrant County, TX",14000US48439104504
2018,2018,0,Total,27917,5689.0,"Census Tract 1045.05, Tarrant County, TX",14000US48439104505
2018,2018,0,Total,37462,16158.000000000002,"Census Tract 1046.01, Tarrant County, TX",14000US48439104601
2018,2018,0,Total,40461,2802.0,"Census Tract 1046.02, Tarrant County, TX",14000US48439104602
2018,2018,0,Total,30110,6745.999999999999,"Census Tract 1046.03, Tarrant County, TX",14000US48439104603
2018,2018,0,Total,36977,4871.0,"Census Tract 1046.04, Tarrant County, TX",14000US48439104604
2018,2018,0,Total,34341,6662.0,"Census Tract 1046.05, Tarrant County, TX",14000US48439104605
2018,2018,0,Total,39318,4730.0,"Census Tract 1047.01, Tarrant County, TX",14000US48439104701
2018,2018,0,Total,30574,4842.0,"Census Tract 1047.02, Tarrant County, TX",14000US48439104702
2018,2018,0,Total,41686,12238.0,"Census Tract 1048.02, Tarrant County, TX",14000US48439104802
2018,2018,0,Total,36325,4171.0,"Census Tract 1048.03, Tarrant County, TX",14000US48439104803
2018,2018,0,Total,40000,4993.0,"Census Tract 1048.04, Tarrant County, TX",14000US48439104804
2018,2018,0,Total,44167,6782.0,"Census Tract 1049, Tarrant County, TX",14000US48439104900
2018,2018,0,Total,57274,4471.0,"Census Tract 1050.07, Tarrant County, TX",14000US48439105007
2018,2018,0,Total,32199,4778.0,"Census Tract 1052.01, Tarrant County, TX",14000US48439105201
2018,2018,0,Total,48190,8439.0,"Census Tract 1052.03, Tarrant County, TX",14000US48439105203
2018,2018,0,Total,30753,3546.0000000000005,"Census Tract 1052.04, Tarrant County, TX",14000US48439105204
2018,2018,0,Total,30214,2774.0,"Census Tract 1052.05, Tarrant County, TX",14000US48439105205
2018,2018,0,Total,83185,12958.0,"Census Tract 1054.03, Tarrant County, TX",14000US48439105403
2018,2018,0,Total,131250,21573.0,"Census Tract 1054.04, Tarrant County, TX",14000US48439105404
2018,2018,0,Total,49781,15657.0,"Census Tract 1055.02, Tarrant County, TX",14000US48439105502
2018,2018,0,Total,53750,11827.0,"Census Tract 1055.03, Tarrant County, TX",14000US48439105503
2018,2018,0,Total,54260,3165.0,"Census Tract 1055.05, Tarrant County, TX",14000US48439105505
2018,2018,0,Total,52334,3214.0,"Census Tract 1055.08, Tarrant County, TX",14000US48439105508
2018,2018,0,Total,61194,9752.0,"Census Tract 1055.10, Tarrant County, TX",14000US48439105510
2018,2018,0,Total,45276,4577.0,"Census Tract 1055.11, Tarrant County, TX",14000US48439105511
2018,2018,0,Total,76250,13028.0,"Census Tract 1055.12, Tarrant County, TX",14000US48439105512
2018,2018,0,Total,28241,3057.0,"Census Tract 1055.13, Tarrant County, TX",14000US48439105513
2018,2018,0,Total,41142,4521.0,"Census Tract 1055.14, Tarrant County, TX",14000US48439105514
2018,2018,0,Total,59188,8734.0,"Census Tract 1056, Tarrant County, TX",14000US48439105600
2018,2018,0,Total,68565,13764.0,"Census Tract 1057.01, Tarrant County, TX",14000US48439105701
2018,2018,0,Total,62500,16959.0,"Census Tract 1057.03, Tarrant County, TX",14000US48439105703
2018,2018,0,Total,43968,6986.0,"Census Tract 1057.04, Tarrant County, TX",14000US48439105704
2018,2018,0,Total,41354,8339.0,"Census Tract 1058, Tarrant County, TX",14000US48439105800
2018,2018,0,Total,43003,3895.0,"Census Tract 1059.01, Tarrant County, TX",14000US48439105901
2018,2018,0,Total,26611,6047.0,"Census Tract 1059.02, Tarrant County, TX",14000US48439105902
2018,2018,0,Total,46698,11206.0,"Census Tract 1060.01, Tarrant County, TX",14000US48439106001
2018,2018,0,Total,37063,10066.0,"Census Tract 1061.01, Tarrant County, TX",14000US48439106101
2018,2018,0,Total,31049,7812.000000000001,"Census Tract 1061.02, Tarrant County, TX",14000US48439106102
2018,2018,0,Total,43673,8826.0,"Census Tract 1062.01, Tarrant County, TX",14000US48439106201
2018,2018,0,Total,27417,3010.0,"Census Tract 1062.02, Tarrant County, TX",14000US48439106202
2018,2018,0,Total,32044,7246.999999999999,"Census Tract 1063, Tarrant County, TX",14000US48439106300
2018,2018,0,Total,53235,12040.0,"Census Tract 1065.02, Tarrant County, TX",14000US48439106502
2018,2018,0,Total,49009,5678.0,"Census Tract 1065.03, Tarrant County, TX",14000US48439106503
2018,2018,0,Total,45524,6802.0,"Census Tract 1065.07, Tarrant County, TX",14000US48439106507
2018,2018,0,Total,88490,16391.0,"Census Tract 1065.10, Tarrant County, TX",14000US48439106510
2018,2018,0,Total,43844,8763.0,"Census Tract 1065.11, Tarrant County, TX",14000US48439106511
2018,2018,0,Total,42138,7550.999999999999,"Census Tract 1065.12, Tarrant County, TX",14000US48439106512
2018,2018,0,Total,52039,8308.0,"Census Tract 1065.13, Tarrant County, TX",14000US48439106513
2018,2018,0,Total,42694,9997.0,"Census Tract 1065.15, Tarrant County, TX",14000US48439106515
2018,2018,0,Total,29198,5905.0,"Census Tract 1065.16, Tarrant County, TX",14000US48439106516
2018,2018,0,Total,57424,6785.0,"Census Tract 1065.18, Tarrant County, TX",14000US48439106518
2018,2018,0,Total,63558,10433.0,"Census Tract 1067, Tarrant County, TX",14000US48439106700
2018,2018,0,Total,69637,9299.0,"Census Tract 1108.05, Tarrant County, TX",14000US48439110805
2018,2018,0,Total,83984,11998.0,"Census Tract 1108.06, Tarrant County, TX",14000US48439110806
2018,2018,0,Total,72064,13531.999999999998,"Census Tract 1108.07, Tarrant County, TX",14000US48439110807
2018,2018,0,Total,50702,15687.0,"Census Tract 1110.05, Tarrant County, TX",14000US48439111005
2018,2018,0,Total,79800,20406.0,"Census Tract 1110.10, Tarrant County, TX",14000US48439111010
2018,2018,0,Total,77564,8655.0,"Census Tract 1110.11, Tarrant County, TX",14000US48439111011
2018,2018,0,Total,69741,8135.0,"Census Tract 1110.12, Tarrant County, TX",14000US48439111012
2018,2018,0,Total,107182,7387.0,"Census Tract 1110.17, Tarrant County, TX",14000US48439111017
2018,2018,0,Total,61588,8081.0,"Census Tract 1139.16, Tarrant County, TX",14000US48439113916
2018,2018,0,Total,65700,9711.0,"Census Tract 1139.18, Tarrant County, TX",14000US48439113918
2018,2018,0,Total,103872,11741.0,"Census Tract 1139.19, Tarrant County, TX",14000US48439113919
2018,2018,0,Total,95828,11658.0,"Census Tract 1139.22, Tarrant County, TX",14000US48439113922
2018,2018,0,Total,77373,9708.0,"Census Tract 1139.23, Tarrant County, TX",14000US48439113923
2018,2018,0,Total,68056,12299.0,"Census Tract 1139.24, Tarrant County, TX",14000US48439113924
2018,2018,0,Total,74125,13491.000000000002,"Census Tract 1139.25, Tarrant County, TX",14000US48439113925
2018,2018,0,Total,95000,8551.0,"Census Tract 1139.28, Tarrant County, TX",14000US48439113928
2018,2018,0,Total,111639,14699.0,"Census Tract 1141.02, Tarrant County, TX",14000US48439114102
2018,2018,0,Total,26049,5117.0,"Census Tract 1231, Tarrant County, TX",14000US48439123100
2018,2018,0,Total,64750,17884.0,"Census Tract 1232, Tarrant County, TX",14000US48439123200
2018,2018,0,Total,82396,10587.0,"Census Tract 1233, Tarrant County, TX",14000US48439123300
2018,2018,0,Total,48750,15290.000000000002,"Census Tract 1234, Tarrant County, TX",14000US48439123400
2018,2018,0,Total,32319,7716.0,"Census Tract 1235, Tarrant County, TX",14000US48439123500
2018,2018,0,Total,29757,5272.0,"Census Tract 1236, Tarrant County, TX",14000US48439123600
2017,2017,0,Total,45789,7921.0,"Census Tract 1001.01, Tarrant County, TX",14000US48439100101
2017,2017,0,Total,53583,6482.0,"Census Tract 1001.02, Tarrant County, TX",14000US48439100102
2017,2017,0,Total,36977,4975.0,"Census Tract 1002.01, Tarrant County, TX",14000US48439100201
2017,2017,0,Total,44356,7874.999999999999,"Census Tract 1002.02, Tarrant County, TX",14000US48439100202
2017,2017,0,Total,34470,3443.9999999999995,"Census Tract 1003, Tarrant County, TX",14000US48439100300
2017,2017,0,Total,31974,4337.0,"Census Tract 1004, Tarrant County, TX",14000US48439100400
2017,2017,0,Total,44767,11177.0,"Census Tract 1005.02, Tarrant County, TX",14000US48439100502
2017,2017,0,Total,40769,2891.0,"Census Tract 1008, Tarrant County, TX",14000US48439100800
2017,2017,0,Total,33750,8163.0,"Census Tract 1009, Tarrant County, TX",14000US48439100900
2017,2017,0,Total,42450,6742.0,"Census Tract 1012.02, Tarrant County, TX",14000US48439101202
2017,2017,0,Total,42255,8640.0,"Census Tract 1013.01, Tarrant County, TX",14000US48439101301
2017,2017,0,Total,60200,4723.0,"Census Tract 1014.01, Tarrant County, TX",14000US48439101401
2017,2017,0,Total,33871,8621.0,"Census Tract 1014.02, Tarrant County, TX",14000US48439101402
2017,2017,0,Total,32278,8349.0,"Census Tract 1014.03, Tarrant County, TX",14000US48439101403
2017,2017,0,Total,31503,6711.0,"Census Tract 1015, Tarrant County, TX",14000US48439101500
2017,2017,0,Total,13947,2159.0,"Census Tract 1017, Tarrant County, TX",14000US48439101700
2017,2017,0,Total,85000,10934.0,"Census Tract 1020, Tarrant County, TX",14000US48439102000
2017,2017,0,Total,61912,12309.0,"Census Tract 1021, Tarrant County, TX",14000US48439102100
2017,2017,0,Total,65083,15916.0,"Census Tract 1022.01, Tarrant County, TX",14000US48439102201
2017,2017,0,Total,95000,11801.0,"Census Tract 1022.02, Tarrant County, TX",14000US48439102202
2017,2017,0,Total,35702,2719.0,"Census Tract 1023.01, Tarrant County, TX",14000US48439102301
2017,2017,0,Total,58958,17344.0,"Census Tract 1024.01, Tarrant County, TX",14000US48439102401
2017,2017,0,Total,97500,21282.0,"Census Tract 1024.02, Tarrant County, TX",14000US48439102402
2017,2017,0,Total,21715,6525.0,"Census Tract 1025, Tarrant County, TX",14000US48439102500
2017,2017,0,Total,41250,7186.0,"Census Tract 1026.01, Tarrant County, TX",14000US48439102601
2017,2017,0,Total,63631,7343.0,"Census Tract 1026.02, Tarrant County, TX",14000US48439102602
2017,2017,0,Total,77712,8505.0,"Census Tract 1027, Tarrant County, TX",14000US48439102700
2017,2017,0,Total,107813,32562.0,"Census Tract 1028, Tarrant County, TX",14000US48439102800
2017,2017,0,Total,31334,7857.000000000001,"Census Tract 1035, Tarrant County, TX",14000US48439103500
2017,2017,0,Total,14531,3941.000000000001,"Census Tract 1036.01, Tarrant County, TX",14000US48439103601
2017,2017,0,Total,30476,6601.0,"Census Tract 1036.02, Tarrant County, TX",14000US48439103602
2017,2017,0,Total,24079,6367.0,"Census Tract 1037.01, Tarrant County, TX",14000US48439103701
2017,2017,0,Total,29688,11456.0,"Census Tract 1037.02, Tarrant County, TX",14000US48439103702
2017,2017,0,Total,20457,5427.0,"Census Tract 1038, Tarrant County, TX",14000US48439103800
2017,2017,0,Total,71250,15008.0,"Census Tract 1041, Tarrant County, TX",14000US48439104100
2017,2017,0,Total,92396,11317.0,"Census Tract 1042.01, Tarrant County, TX",14000US48439104201
2017,2017,0,Total,60918,4548.0,"Census Tract 1042.02, Tarrant County, TX",14000US48439104202
2017,2017,0,Total,42734,11619.0,"Census Tract 1043, Tarrant County, TX",14000US48439104300
2017,2017,0,Total,56615,8589.0,"Census Tract 1044, Tarrant County, TX",14000US48439104400
2017,2017,0,Total,30938,4820.0,"Census Tract 1045.02, Tarrant County, TX",14000US48439104502
2017,2017,0,Total,40964,4713.0,"Census Tract 1045.03, Tarrant County, TX",14000US48439104503
2017,2017,0,Total,28102,6186.0,"Census Tract 1045.04, Tarrant County, TX",14000US48439104504
2017,2017,0,Total,26891,6467.0,"Census Tract 1045.05, Tarrant County, TX",14000US48439104505
2017,2017,0,Total,38942,12065.0,"Census Tract 1046.01, Tarrant County, TX",14000US48439104601
2017,2017,0,Total,37597,4841.0,"Census Tract 1046.02, Tarrant County, TX",14000US48439104602
2017,2017,0,Total,37500,7462.0,"Census Tract 1046.03, Tarrant County, TX",14000US48439104603
2017,2017,0,Total,34736,3791.0,"Census Tract 1046.04, Tarrant County, TX",14000US48439104604
2017,2017,0,Total,34870,10743.0,"Census Tract 1046.05, Tarrant County, TX",14000US48439104605
2017,2017,0,Total,37958,4759.0,"Census Tract 1047.01, Tarrant County, TX",14000US48439104701
2017,2017,0,Total,33438,4763.0,"Census Tract 1047.02, Tarrant County, TX",14000US48439104702
2017,2017,0,Total,45758,9098.0,"Census Tract 1048.02, Tarrant County, TX",14000US48439104802
2017,2017,0,Total,33810,4916.0,"Census Tract 1048.03, Tarrant County, TX",14000US48439104803
2017,2017,0,Total,37946,5230.0,"Census Tract 1048.04, Tarrant County, TX",14000US48439104804
2017,2017,0,Total,41400,7742.0,"Census Tract 1049, Tarrant County, TX",14000US48439104900
2017,2017,0,Total,54713,7011.0,"Census Tract 1050.07, Tarrant County, TX",14000US48439105007
2017,2017,0,Total,28136,4768.0,"Census Tract 1052.01, Tarrant County, TX",14000US48439105201
2017,2017,0,Total,45500,9528.0,"Census Tract 1052.03, Tarrant County, TX",14000US48439105203
2017,2017,0,Total,30843,2855.0,"Census Tract 1052.04, Tarrant County, TX",14000US48439105204
2017,2017,0,Total,30313,3590.9999999999995,"Census Tract 1052.05, Tarrant County, TX",14000US48439105205
2017,2017,0,Total,75964,14924.0,"Census Tract 1054.03, Tarrant County, TX",14000US48439105403
2017,2017,0,Total,123719,15832.0,"Census Tract 1054.04, Tarrant County, TX",14000US48439105404
2017,2017,0,Total,46544,18530.0,"Census Tract 1055.02, Tarrant County, TX",14000US48439105502
2017,2017,0,Total,62500,12342.0,"Census Tract 1055.03, Tarrant County, TX",14000US48439105503
2017,2017,0,Total,52807,6234.0,"Census Tract 1055.05, Tarrant County, TX",14000US48439105505
2017,2017,0,Total,51392,2717.0,"Census Tract 1055.08, Tarrant County, TX",14000US48439105508
2017,2017,0,Total,57137,8574.0,"Census Tract 1055.10, Tarrant County, TX",14000US48439105510
2017,2017,0,Total,42522,5528.0,"Census Tract 1055.11, Tarrant County, TX",14000US48439105511
2017,2017,0,Total,69142,8262.0,"Census Tract 1055.12, Tarrant County, TX",14000US48439105512
2017,2017,0,Total,27750,4397.0,"Census Tract 1055.13, Tarrant County, TX",14000US48439105513
2017,2017,0,Total,42240,9167.0,"Census Tract 1055.14, Tarrant County, TX",14000US48439105514
2017,2017,0,Total,55970,5293.0,"Census Tract 1056, Tarrant County, TX",14000US48439105600
2017,2017,0,Total,63702,8705.0,"Census Tract 1057.01, Tarrant County, TX",14000US48439105701
2017,2017,0,Total,56455,10228.0,"Census Tract 1057.03, Tarrant County, TX",14000US48439105703
2017,2017,0,Total,40895,4366.0,"Census Tract 1057.04, Tarrant County, TX",14000US48439105704
2017,2017,0,Total,38288,6498.0,"Census Tract 1058, Tarrant County, TX",14000US48439105800
2017,2017,0,Total,41694,5079.0,"Census Tract 1059.01, Tarrant County, TX",14000US48439105901
2017,2017,0,Total,27574,6957.000000000001,"Census Tract 1059.02, Tarrant County, TX",14000US48439105902
2017,2017,0,Total,46359,9601.0,"Census Tract 1060.01, Tarrant County, TX",14000US48439106001
2017,2017,0,Total,41563,13938.0,"Census Tract 1061.01, Tarrant County, TX",14000US48439106101
2017,2017,0,Total,27289,7150.0,"Census Tract 1061.02, Tarrant County, TX",14000US48439106102
2017,2017,0,Total,42206,4428.0,"Census Tract 1062.01, Tarrant County, TX",14000US48439106201
2017,2017,0,Total,26700,2930.0,"Census Tract 1062.02, Tarrant County, TX",14000US48439106202
2017,2017,0,Total,35072,8729.0,"Census Tract 1063, Tarrant County, TX",14000US48439106300
2017,2017,0,Total,62674,15020.0,"Census Tract 1065.02, Tarrant County, TX",14000US48439106502
2017,2017,0,Total,49701,6770.999999999999,"Census Tract 1065.03, Tarrant County, TX",14000US48439106503
2017,2017,0,Total,47591,7635.000000000001,"Census Tract 1065.07, Tarrant County, TX",14000US48439106507
2017,2017,0,Total,79372,3783.0,"Census Tract 1065.10, Tarrant County, TX",14000US48439106510
2017,2017,0,Total,45863,13286.0,"Census Tract 1065.11, Tarrant County, TX",14000US48439106511
2017,2017,0,Total,37917,7333.0,"Census Tract 1065.12, Tarrant County, TX",14000US48439106512
2017,2017,0,Total,50575,12162.0,"Census Tract 1065.13, Tarrant County, TX",14000US48439106513
2017,2017,0,Total,36343,9175.0,"Census Tract 1065.15, Tarrant County, TX",14000US48439106515
2017,2017,0,Total,24245,5341.0,"Census Tract 1065.16, Tarrant County, TX",14000US48439106516
2017,2017,0,Total,51934,7595.0,"Census Tract 1065.18, Tarrant County, TX",14000US48439106518
2017,2017,0,Total,51506,6562.0,"Census Tract 1067, Tarrant County, TX",14000US48439106700
2017,2017,0,Total,70881,8932.0,"Census Tract 1108.05, Tarrant County, TX",14000US48439110805
2017,2017,0,Total,84886,10919.0,"Census Tract 1108.06, Tarrant County, TX",14000US48439110806
2017,2017,0,Total,68194,9526.0,"Census Tract 1108.07, Tarrant County, TX",14000US48439110807
2017,2017,0,Total,43750,16673.0,"Census Tract 1110.05, Tarrant County, TX",14000US48439111005
2017,2017,0,Total,78125,15146.000000000002,"Census Tract 1110.10, Tarrant County, TX",14000US48439111010
2017,2017,0,Total,76699,10014.0,"Census Tract 1110.11, Tarrant County, TX",14000US48439111011
2017,2017,0,Total,74000,13434.0,"Census Tract 1110.12, Tarrant County, TX",14000US48439111012
2017,2017,0,Total,105761,6539.0,"Census Tract 1110.17, Tarrant County, TX",14000US48439111017
2017,2017,0,Total,61962,3879.0,"Census Tract 1139.16, Tarrant County, TX",14000US48439113916
2017,2017,0,Total,64730,8399.0,"Census Tract 1139.18, Tarrant County, TX",14000US48439113918
2017,2017,0,Total,100588,11094.0,"Census Tract 1139.19, Tarrant County, TX",14000US48439113919
2017,2017,0,Total,96451,9552.0,"Census Tract 1139.22, Tarrant County, TX",14000US48439113922
2017,2017,0,Total,74977,24090.0,"Census Tract 1139.23, Tarrant County, TX",14000US48439113923
2017,2017,0,Total,66908,9559.0,"Census Tract 1139.24, Tarrant County, TX",14000US48439113924
2017,2017,0,Total,71641,10252.0,"Census Tract 1139.25, Tarrant County, TX",14000US48439113925
2017,2017,0,Total,88769,5819.0,"Census Tract 1139.28, Tarrant County, TX",14000US48439113928
2017,2017,0,Total,100164,15644.999999999998,"Census Tract 1141.02, Tarrant County, TX",14000US48439114102
2017,2017,0,Total,22935,7438.0,"Census Tract 1231, Tarrant County, TX",14000US48439123100
2017,2017,0,Total,70486,15751.0,"Census Tract 1232, Tarrant County, TX",14000US48439123200
2017,2017,0,Total,71532,15677.0,"Census Tract 1233, Tarrant County, TX",14000US48439123300
2017,2017,0,Total,41125,15375.000000000002,"Census Tract 1234, Tarrant County, TX",14000US48439123400
2017,2017,0,Total,31121,6361.0,"Census Tract 1235, Tarrant County, TX",14000US48439123500
2017,2017,0,Total,27688,7474.0,"Census Tract 1236, Tarrant County, TX",14000US48439123600
2016,2016,0,Total,43971,5718.0,"Census Tract 1001.01, Tarrant County, TX",14000US48439100101
2016,2016,0,Total,54330,7260.0,"Census Tract 1001.02, Tarrant County, TX",14000US48439100102
2016,2016,0,Total,35519,4086.0,"Census Tract 1002.01, Tarrant County, TX",14000US48439100201
2016,2016,0,Total,41598,8575.0,"Census Tract 1002.02, Tarrant County, TX",14000US48439100202
2016,2016,0,Total,33550,3115.0,"Census Tract 1003, Tarrant County, TX",14000US48439100300
2016,2016,0,Total,32423,6541.0,"Census Tract 1004, Tarrant County, TX",14000US48439100400
2016,2016,0,Total,38962,10815.0,"Census Tract 1005.02, Tarrant County, TX",14000US48439100502
2016,2016,0,Total,38668,4735.0,"Census Tract 1008, Tarrant County, TX",14000US48439100800
2016,2016,0,Total,29535,6628.0,"Census Tract 1009, Tarrant County, TX",14000US48439100900
2016,2016,0,Total,39432,10289.0,"Census Tract 1012.02, Tarrant County, TX",14000US48439101202
2016,2016,0,Total,45500,9277.0,"Census Tract 1013.01, Tarrant County, TX",14000US48439101301
2016,2016,0,Total,54349,6224.0,"Census Tract 1014.01, Tarrant County, TX",14000US48439101401
2016,2016,0,Total,31893,3438.0,"Census Tract 1014.02, Tarrant County, TX",14000US48439101402
2016,2016,0,Total,29174,7154.000000000001,"Census Tract 1014.03, Tarrant County, TX",14000US48439101403
2016,2016,0,Total,31582,3513.0,"Census Tract 1015, Tarrant County, TX",14000US48439101500
2016,2016,0,Total,11838,3474.0,"Census Tract 1017, Tarrant County, TX",14000US48439101700
2016,2016,0,Total,80779,10220.0,"Census Tract 1020, Tarrant County, TX",14000US48439102000
2016,2016,0,Total,61863,11921.0,"Census Tract 1021, Tarrant County, TX",14000US48439102100
2016,2016,0,Total,64955,15987.0,"Census Tract 1022.01, Tarrant County, TX",14000US48439102201
2016,2016,0,Total,89013,17461.0,"Census Tract 1022.02, Tarrant County, TX",14000US48439102202
2016,2016,0,Total,32656,4478.0,"Census Tract 1023.01, Tarrant County, TX",14000US48439102301
2016,2016,0,Total,63067,6135.0,"Census Tract 1024.01, Tarrant County, TX",14000US48439102401
2016,2016,0,Total,80170,7226.999999999999,"Census Tract 1024.02, Tarrant County, TX",14000US48439102402
2016,2016,0,Total,19161,4975.0,"Census Tract 1025, Tarrant County, TX",14000US48439102500
2016,2016,0,Total,43920,6606.0,"Census Tract 1026.01, Tarrant County, TX",14000US48439102601
2016,2016,0,Total,58214,14278.000000000002,"Census Tract 1026.02, Tarrant County, TX",14000US48439102602
2016,2016,0,Total,72798,10234.0,"Census Tract 1027, Tarrant County, TX",14000US48439102700
2016,2016,0,Total,113529,7338.0,"Census Tract 1028, Tarrant County, TX",14000US48439102800
2016,2016,0,Total,26250,5397.0,"Census Tract 1035, Tarrant County, TX",14000US48439103500
2016,2016,0,Total,15063,3717.0,"Census Tract 1036.01, Tarrant County, TX",14000US48439103601
2016,2016,0,Total,33015,7667.999999999999,"Census Tract 1036.02, Tarrant County, TX",14000US48439103602
2016,2016,0,Total,25692,5774.0,"Census Tract 1037.01, Tarrant County, TX",14000US48439103701
2016,2016,0,Total,23125,6758.000000000001,"Census Tract 1037.02, Tarrant County, TX",14000US48439103702
2016,2016,0,Total,17147,5458.0,"Census Tract 1038, Tarrant County, TX",14000US48439103800
2016,2016,0,Total,71250,10406.0,"Census Tract 1041, Tarrant County, TX",14000US48439104100
2016,2016,0,Total,89028,14824.0,"Census Tract 1042.01, Tarrant County, TX",14000US48439104201
2016,2016,0,Total,59272,4044.0,"Census Tract 1042.02, Tarrant County, TX",14000US48439104202
2016,2016,0,Total,38684,8198.0,"Census Tract 1043, Tarrant County, TX",14000US48439104300
2016,2016,0,Total,50521,8901.0,"Census Tract 1044, Tarrant County, TX",14000US48439104400
2016,2016,0,Total,28887,2838.0,"Census Tract 1045.02, Tarrant County, TX",14000US48439104502
2016,2016,0,Total,37188,7503.000000000001,"Census Tract 1045.03, Tarrant County, TX",14000US48439104503
2016,2016,0,Total,25271,3461.0,"Census Tract 1045.04, Tarrant County, TX",14000US48439104504
2016,2016,0,Total,24958,3359.0,"Census Tract 1045.05, Tarrant County, TX",14000US48439104505
2016,2016,0,Total,39250,11609.0,"Census Tract 1046.01, Tarrant County, TX",14000US48439104601
2016,2016,0,Total,38098,6523.0,"Census Tract 1046.02, Tarrant County, TX",14000US48439104602
2016,2016,0,Total,37592,10676.0,"Census Tract 1046.03, Tarrant County, TX",14000US48439104603
2016,2016,0,Total,25882,7345.0,"Census Tract 1046.04, Tarrant County, TX",14000US48439104604
2016,2016,0,Total,34640,6065.0,"Census Tract 1046.05, Tarrant County, TX",14000US48439104605
2016,2016,0,Total,34953,4722.0,"Census Tract 1047.01, Tarrant County, TX",14000US48439104701
2016,2016,0,Total,30481,4164.0,"Census Tract 1047.02, Tarrant County, TX",14000US48439104702
2016,2016,0,Total,43862,6078.0,"Census Tract 1048.02, Tarrant County, TX",14000US48439104802
2016,2016,0,Total,35055,3569.0,"Census Tract 1048.03, Tarrant County, TX",14000US48439104803
2016,2016,0,Total,30875,4658.0,"Census Tract 1048.04, Tarrant County, TX",14000US48439104804
2016,2016,0,Total,40250,9052.0,"Census Tract 1049, Tarrant County, TX",14000US48439104900
2016,2016,0,Total,59031,9640.0,"Census Tract 1050.07, Tarrant County, TX",14000US48439105007
2016,2016,0,Total,24149,2825.0,"Census Tract 1052.01, Tarrant County, TX",14000US48439105201
2016,2016,0,Total,40500,9687.0,"Census Tract 1052.03, Tarrant County, TX",14000US48439105203
2016,2016,0,Total,31049,3004.0,"Census Tract 1052.04, Tarrant County, TX",14000US48439105204
2016,2016,0,Total,32430,8329.0,"Census Tract 1052.05, Tarrant County, TX",14000US48439105205
2016,2016,0,Total,67798,11521.0,"Census Tract 1054.03, Tarrant County, TX",14000US48439105403
2016,2016,0,Total,120375,20260.0,"Census Tract 1054.04, Tarrant County, TX",14000US48439105404
2016,2016,0,Total,51292,16563.0,"Census Tract 1055.02, Tarrant County, TX",14000US48439105502
2016,2016,0,Total,65513,7398.0,"Census Tract 1055.03, Tarrant County, TX",14000US48439105503
2016,2016,0,Total,44954,9512.0,"Census Tract 1055.05, Tarrant County, TX",14000US48439105505
2016,2016,0,Total,49737,6080.0,"Census Tract 1055.08, Tarrant County, TX",14000US48439105508
2016,2016,0,Total,54286,11143.0,"Census Tract 1055.10, Tarrant County, TX",14000US48439105510
2016,2016,0,Total,44587,7528.000000000001,"Census Tract 1055.11, Tarrant County, TX",14000US48439105511
2016,2016,0,Total,68649,8448.0,"Census Tract 1055.12, Tarrant County, TX",14000US48439105512
2016,2016,0,Total,28425,4468.0,"Census Tract 1055.13, Tarrant County, TX",14000US48439105513
2016,2016,0,Total,44911,7941.0,"Census Tract 1055.14, Tarrant County, TX",14000US48439105514
2016,2016,0,Total,55500,7101.0,"Census Tract 1056, Tarrant County, TX",14000US48439105600
2016,2016,0,Total,61793,7393.0,"Census Tract 1057.01, Tarrant County, TX",14000US48439105701
2016,2016,0,Total,53133,3992.000000000001,"Census Tract 1057.03, Tarrant County, TX",14000US48439105703
2016,2016,0,Total,43357,5421.0,"Census Tract 1057.04, Tarrant County, TX",14000US48439105704
2016,2016,0,Total,36738,3845.000000000001,"Census Tract 1058, Tarrant County, TX",14000US48439105800
2016,2016,0,Total,36893,4220.0,"Census Tract 1059.01, Tarrant County, TX",14000US48439105901
2016,2016,0,Total,25179,9786.0,"Census Tract 1059.02, Tarrant County, TX",14000US48439105902
2016,2016,0,Total,49191,10566.0,"Census Tract 1060.01, Tarrant County, TX",14000US48439106001
2016,2016,0,Total,38542,6406.0,"Census Tract 1061.01, Tarrant County, TX",14000US48439106101
2016,2016,0,Total,21522,4722.0,"Census Tract 1061.02, Tarrant County, TX",14000US48439106102
2016,2016,0,Total,36522,5141.0,"Census Tract 1062.01, Tarrant County, TX",14000US48439106201
2016,2016,0,Total,24250,3835.000000000001,"Census Tract 1062.02, Tarrant County, TX",14000US48439106202
2016,2016,0,Total,32113,8256.0,"Census Tract 1063, Tarrant County, TX",14000US48439106300
2016,2016,0,Total,44028,13819.0,"Census Tract 1065.02, Tarrant County, TX",14000US48439106502
2016,2016,0,Total,45556,3928.0,"Census Tract 1065.03, Tarrant County, TX",14000US48439106503
2016,2016,0,Total,49432,14736.0,"Census Tract 1065.07, Tarrant County, TX",14000US48439106507
2016,2016,0,Total,77926,3943.0,"Census Tract 1065.10, Tarrant County, TX",14000US48439106510
2016,2016,0,Total,42420,4673.0,"Census Tract 1065.11, Tarrant County, TX",14000US48439106511
2016,2016,0,Total,33718,7774.999999999999,"Census Tract 1065.12, Tarrant County, TX",14000US48439106512
2016,2016,0,Total,47702,12137.0,"Census Tract 1065.13, Tarrant County, TX",14000US48439106513
2016,2016,0,Total,31977,5204.0,"Census Tract 1065.15, Tarrant County, TX",14000US48439106515
2016,2016,0,Total,20865,3073.0,"Census Tract 1065.16, Tarrant County, TX",14000US48439106516
2016,2016,0,Total,49729,6802.999999999999,"Census Tract 1065.18, Tarrant County, TX",14000US48439106518
2016,2016,0,Total,52854,3533.0,"Census Tract 1067, Tarrant County, TX",14000US48439106700
2016,2016,0,Total,68852,5646.0,"Census Tract 1108.05, Tarrant County, TX",14000US48439110805
2016,2016,0,Total,81432,9226.0,"Census Tract 1108.06, Tarrant County, TX",14000US48439110806
2016,2016,0,Total,61697,5575.0,"Census Tract 1108.07, Tarrant County, TX",14000US48439110807
2016,2016,0,Total,46233,7631.0,"Census Tract 1110.05, Tarrant County, TX",14000US48439111005
2016,2016,0,Total,74179,14624.0,"Census Tract 1110.10, Tarrant County, TX",14000US48439111010
2016,2016,0,Total,76612,10135.0,"Census Tract 1110.11, Tarrant County, TX",14000US48439111011
2016,2016,0,Total,66702,10034.0,"Census Tract 1110.12, Tarrant County, TX",14000US48439111012
2016,2016,0,Total,105544,6717.0,"Census Tract 1110.17, Tarrant County, TX",14000US48439111017
2016,2016,0,Total,58250,6686.0,"Census Tract 1139.16, Tarrant County, TX",14000US48439113916
2016,2016,0,Total,60040,6328.0,"Census Tract 1139.18, Tarrant County, TX",14000US48439113918
2016,2016,0,Total,99661,10975.0,"Census Tract 1139.19, Tarrant County, TX",14000US48439113919
2016,2016,0,Total,98231,7285.0,"Census Tract 1139.22, Tarrant County, TX",14000US48439113922
2016,2016,0,Total,75000,17144.0,"Census Tract 1139.23, Tarrant County, TX",14000US48439113923
2016,2016,0,Total,64773,5536.0,"Census Tract 1139.24, Tarrant County, TX",14000US48439113924
2016,2016,0,Total,72765,11057.0,"Census Tract 1139.25, Tarrant County, TX",14000US48439113925
2016,2016,0,Total,84059,4587.0,"Census Tract 1139.28, Tarrant County, TX",14000US48439113928
2016,2016,0,Total,95610,13030.0,"Census Tract 1141.02, Tarrant County, TX",14000US48439114102
2016,2016,0,Total,23427,6821.0,"Census Tract 1231, Tarrant County, TX",14000US48439123100
2016,2016,0,Total,63315,13603.0,"Census Tract 1232, Tarrant County, TX",14000US48439123200
2016,2016,0,Total,65034,15477.0,"Census Tract 1233, Tarrant County, TX",14000US48439123300
2016,2016,0,Total,29643,18771.0,"Census Tract 1234, Tarrant County, TX",14000US48439123400
2016,2016,0,Total,27207,3305.0,"Census Tract 1235, Tarrant County, TX",14000US48439123500
2016,2016,0,Total,25815,7732.999999999999,"Census Tract 1236, Tarrant County, TX",14000US48439123600
2015,2015,0,Total,42275,7039.0,"Census Tract 1001.01, Tarrant County, TX",14000US48439100101
2015,2015,0,Total,48798,9849.0,"Census Tract 1001.02, Tarrant County, TX",14000US48439100102
2015,2015,0,Total,34201,4260.0,"Census Tract 1002.01, Tarrant County, TX",14000US48439100201
2015,2015,0,Total,40159,11838.0,"Census Tract 1002.02, Tarrant County, TX",14000US48439100202
2015,2015,0,Total,29588,4253.0,"Census Tract 1003, Tarrant County, TX",14000US48439100300
2015,2015,0,Total,32769,4651.0,"Census Tract 1004, Tarrant County, TX",14000US48439100400
2015,2015,0,Total,36052,10500.0,"Census Tract 1005.02, Tarrant County, TX",14000US48439100502
2015,2015,0,Total,35833,5643.0,"Census Tract 1008, Tarrant County, TX",14000US48439100800
2015,2015,0,Total,29222,4580.0,"Census Tract 1009, Tarrant County, TX",14000US48439100900
2015,2015,0,Total,33333,8874.0,"Census Tract 1012.02, Tarrant County, TX",14000US48439101202
2015,2015,0,Total,45453,7099.999999999999,"Census Tract 1013.01, Tarrant County, TX",14000US48439101301
2015,2015,0,Total,54758,5709.0,"Census Tract 1014.01, Tarrant County, TX",14000US48439101401
2015,2015,0,Total,30676,6589.0,"Census Tract 1014.02, Tarrant County, TX",14000US48439101402
2015,2015,0,Total,28898,3716.0,"Census Tract 1014.03, Tarrant County, TX",14000US48439101403
2015,2015,0,Total,31099,2351.0,"Census Tract 1015, Tarrant County, TX",14000US48439101500
2015,2015,0,Total,12576,4270.0,"Census Tract 1017, Tarrant County, TX",14000US48439101700
2015,2015,0,Total,80247,12969.0,"Census Tract 1020, Tarrant County, TX",14000US48439102000
2015,2015,0,Total,55524,7602.0,"Census Tract 1021, Tarrant County, TX",14000US48439102100
2015,2015,0,Total,57446,12018.0,"Census Tract 1022.01, Tarrant County, TX",14000US48439102201
2015,2015,0,Total,75625,10024.0,"Census Tract 1022.02, Tarrant County, TX",14000US48439102202
2015,2015,0,Total,32744,5600.0,"Census Tract 1023.01, Tarrant County, TX",14000US48439102301
2015,2015,0,Total,56089,16304.0,"Census Tract 1024.01, Tarrant County, TX",14000US48439102401
2015,2015,0,Total,75223,8018.0,"Census Tract 1024.02, Tarrant County, TX",14000US48439102402
2015,2015,0,Total,18725,3355.0,"Census Tract 1025, Tarrant County, TX",14000US48439102500
2015,2015,0,Total,41439,7656.0,"Census Tract 1026.01, Tarrant County, TX",14000US48439102601
2015,2015,0,Total,58050,16486.0,"Census Tract 1026.02, Tarrant County, TX",14000US48439102602
2015,2015,0,Total,71010,13550.0,"Census Tract 1027, Tarrant County, TX",14000US48439102700
2015,2015,0,Total,91683,20024.0,"Census Tract 1028, Tarrant County, TX",14000US48439102800
2015,2015,0,Total,27418,5017.0,"Census Tract 1035, Tarrant County, TX",14000US48439103500
2015,2015,0,Total,14358,3460.0000000000005,"Census Tract 1036.01, Tarrant County, TX",14000US48439103601
2015,2015,0,Total,42708,14817.999999999998,"Census Tract 1036.02, Tarrant County, TX",14000US48439103602
2015,2015,0,Total,25417,4954.0,"Census Tract 1037.01, Tarrant County, TX",14000US48439103701
2015,2015,0,Total,20285,2882.0,"Census Tract 1037.02, Tarrant County, TX",14000US48439103702
2015,2015,0,Total,14335,4384.0,"Census Tract 1038, Tarrant County, TX",14000US48439103800
2015,2015,0,Total,66406,10719.0,"Census Tract 1041, Tarrant County, TX",14000US48439104100
2015,2015,0,Total,90769,11521.0,"Census Tract 1042.01, Tarrant County, TX",14000US48439104201
2015,2015,0,Total,57542,8552.0,"Census Tract 1042.02, Tarrant County, TX",14000US48439104202
2015,2015,0,Total,38418,8565.0,"Census Tract 1043, Tarrant County, TX",14000US48439104300
2015,2015,0,Total,51447,7562.0,"Census Tract 1044, Tarrant County, TX",14000US48439104400
2015,2015,0,Total,27549,4822.0,"Census Tract 1045.02, Tarrant County, TX",14000US48439104502
2015,2015,0,Total,36360,5416.0,"Census Tract 1045.03, Tarrant County, TX",14000US48439104503
2015,2015,0,Total,22486,4367.0,"Census Tract 1045.04, Tarrant County, TX",14000US48439104504
2015,2015,0,Total,28688,10827.0,"Census Tract 1045.05, Tarrant County, TX",14000US48439104505
2015,2015,0,Total,31223,7106.0,"Census Tract 1046.01, Tarrant County, TX",14000US48439104601
2015,2015,0,Total,31481,3570.0,"Census Tract 1046.02, Tarrant County, TX",14000US48439104602
2015,2015,0,Total,35603,10184.0,"Census Tract 1046.03, Tarrant County, TX",14000US48439104603
2015,2015,0,Total,27829,9299.0,"Census Tract 1046.04, Tarrant County, TX",14000US48439104604
2015,2015,0,Total,34247,6358.0,"Census Tract 1046.05, Tarrant County, TX",14000US48439104605
2015,2015,0,Total,27800,4438.0,"Census Tract 1047.01, Tarrant County, TX",14000US48439104701
2015,2015,0,Total,30119,4709.0,"Census Tract 1047.02, Tarrant County, TX",14000US48439104702
2015,2015,0,Total,43704,4614.0,"Census Tract 1048.02, Tarrant County, TX",14000US48439104802
2015,2015,0,Total,33220,5526.0,"Census Tract 1048.03, Tarrant County, TX",14000US48439104803
2015,2015,0,Total,30865,6411.0,"Census Tract 1048.04, Tarrant County, TX",14000US48439104804
2015,2015,0,Total,37164,3583.0,"Census Tract 1049, Tarrant County, TX",14000US48439104900
2015,2015,0,Total,60833,9430.0,"Census Tract 1050.07, Tarrant County, TX",14000US48439105007
2015,2015,0,Total,22500,5173.0,"Census Tract 1052.01, Tarrant County, TX",14000US48439105201
2015,2015,0,Total,39960,7264.000000000001,"Census Tract 1052.03, Tarrant County, TX",14000US48439105203
2015,2015,0,Total,29393,4768.0,"Census Tract 1052.04, Tarrant County, TX",14000US48439105204
2015,2015,0,Total,28897,5000.0,"Census Tract 1052.05, Tarrant County, TX",14000US48439105205
2015,2015,0,Total,63750,8745.0,"Census Tract 1054.03, Tarrant County, TX",14000US48439105403
2015,2015,0,Total,117772,15784.999999999998,"Census Tract 1054.04, Tarrant County, TX",14000US48439105404
2015,2015,0,Total,51870,4956.0,"Census Tract 1055.02, Tarrant County, TX",14000US48439105502
2015,2015,0,Total,67710,4882.0,"Census Tract 1055.03, Tarrant County, TX",14000US48439105503
2015,2015,0,Total,46183,8413.0,"Census Tract 1055.05, Tarrant County, TX",14000US48439105505
2015,2015,0,Total,52406,9271.0,"Census Tract 1055.08, Tarrant County, TX",14000US48439105508
2015,2015,0,Total,51538,11895.0,"Census Tract 1055.10, Tarrant County, TX",14000US48439105510
2015,2015,0,Total,43522,7190.0,"Census Tract 1055.11, Tarrant County, TX",14000US48439105511
2015,2015,0,Total,69330,8227.0,"Census Tract 1055.12, Tarrant County, TX",14000US48439105512
2015,2015,0,Total,28598,4843.0,"Census Tract 1055.13, Tarrant County, TX",14000US48439105513
2015,2015,0,Total,41528,10415.0,"Census Tract 1055.14, Tarrant County, TX",14000US48439105514
2015,2015,0,Total,51250,3966.0,"Census Tract 1056, Tarrant County, TX",14000US48439105600
2015,2015,0,Total,60274,7343.0,"Census Tract 1057.01, Tarrant County, TX",14000US48439105701
2015,2015,0,Total,49868,6759.0,"Census Tract 1057.03, Tarrant County, TX",14000US48439105703
2015,2015,0,Total,44013,5983.0,"Census Tract 1057.04, Tarrant County, TX",14000US48439105704
2015,2015,0,Total,37121,5099.0,"Census Tract 1058, Tarrant County, TX",14000US48439105800
2015,2015,0,Total,35665,4608.0,"Census Tract 1059.01, Tarrant County, TX",14000US48439105901
2015,2015,0,Total,24909,7036.0,"Census Tract 1059.02, Tarrant County, TX",14000US48439105902
2015,2015,0,Total,49830,3737.0,"Census Tract 1060.01, Tarrant County, TX",14000US48439106001
2015,2015,0,Total,40789,8989.0,"Census Tract 1061.01, Tarrant County, TX",14000US48439106101
2015,2015,0,Total,27065,9534.0,"Census Tract 1061.02, Tarrant County, TX",14000US48439106102
2015,2015,0,Total,33482,7158.0,"Census Tract 1062.01, Tarrant County, TX",14000US48439106201
2015,2015,0,Total,23750,5015.0,"Census Tract 1062.02, Tarrant County, TX",14000US48439106202
2015,2015,0,Total,30778,7200.0,"Census Tract 1063, Tarrant County, TX",14000US48439106300
2015,2015,0,Total,43378,7804.999999999999,"Census Tract 1065.02, Tarrant County, TX",14000US48439106502
2015,2015,0,Total,48258,5612.0,"Census Tract 1065.03, Tarrant County, TX",14000US48439106503
2015,2015,0,Total,47361,12739.0,"Census Tract 1065.07, Tarrant County, TX",14000US48439106507
2015,2015,0,Total,76554,1542.0,"Census Tract 1065.10, Tarrant County, TX",14000US48439106510
2015,2015,0,Total,40700,6287.0,"Census Tract 1065.11, Tarrant County, TX",14000US48439106511
2015,2015,0,Total,35165,5556.0,"Census Tract 1065.12, Tarrant County, TX",14000US48439106512
2015,2015,0,Total,47770,9952.0,"Census Tract 1065.13, Tarrant County, TX",14000US48439106513
2015,2015,0,Total,32131,6404.0,"Census Tract 1065.15, Tarrant County, TX",14000US48439106515
2015,2015,0,Total,21444,3398.0,"Census Tract 1065.16, Tarrant County, TX",14000US48439106516
2015,2015,0,Total,43857,6576.0,"Census Tract 1065.18, Tarrant County, TX",14000US48439106518
2015,2015,0,Total,48682,4970.0,"Census Tract 1067, Tarrant County, TX",14000US48439106700
2015,2015,0,Total,69649,6149.0,"Census Tract 1108.05, Tarrant County, TX",14000US48439110805
2015,2015,0,Total,78401,10524.0,"Census Tract 1108.06, Tarrant County, TX",14000US48439110806
2015,2015,0,Total,58833,2716.0,"Census Tract 1108.07, Tarrant County, TX",14000US48439110807
2015,2015,0,Total,41074,9064.0,"Census Tract 1110.05, Tarrant County, TX",14000US48439111005
2015,2015,0,Total,69485,14142.0,"Census Tract 1110.10, Tarrant County, TX",14000US48439111010
2015,2015,0,Total,75934,9026.0,"Census Tract 1110.11, Tarrant County, TX",14000US48439111011
2015,2015,0,Total,68698,10946.0,"Census Tract 1110.12, Tarrant County, TX",14000US48439111012
2015,2015,0,Total,103153,6743.000000000001,"Census Tract 1110.17, Tarrant County, TX",14000US48439111017
2015,2015,0,Total,54785,6901.0,"Census Tract 1139.16, Tarrant County, TX",14000US48439113916
2015,2015,0,Total,62159,8788.0,"Census Tract 1139.18, Tarrant County, TX",14000US48439113918
2015,2015,0,Total,112770,18685.0,"Census Tract 1139.19, Tarrant County, TX",14000US48439113919
2015,2015,0,Total,93989,8297.0,"Census Tract 1139.22, Tarrant County, TX",14000US48439113922
2015,2015,0,Total,62898,30124.0,"Census Tract 1139.23, Tarrant County, TX",14000US48439113923
2015,2015,0,Total,57833,6516.0,"Census Tract 1139.24, Tarrant County, TX",14000US48439113924
2015,2015,0,Total,67805,8421.0,"Census Tract 1139.25, Tarrant County, TX",14000US48439113925
2015,2015,0,Total,81750,8473.0,"Census Tract 1139.28, Tarrant County, TX",14000US48439113928
2015,2015,0,Total,106708,13306.0,"Census Tract 1141.02, Tarrant County, TX",14000US48439114102
2015,2015,0,Total,17500,8113.0,"Census Tract 1231, Tarrant County, TX",14000US48439123100
2015,2015,0,Total,57292,9130.0,"Census Tract 1232, Tarrant County, TX",14000US48439123200
2015,2015,0,Total,58398,8916.0,"Census Tract 1233, Tarrant County, TX",14000US48439123300
2015,2015,0,Total,22961,6826.0,"Census Tract 1234, Tarrant County, TX",14000US48439123400
2015,2015,0,Total,25365,3101.0,"Census Tract 1235, Tarrant County, TX",14000US48439123500
2015,2015,0,Total,23533,5834.0,"Census Tract 1236, Tarrant County, TX",14000US48439123600
2014,2014,0,Total,39771,4273.0,"Census Tract 1001.01, Tarrant County, TX",14000US48439100101
2014,2014,0,Total,43841,8290.0,"Census Tract 1001.02, Tarrant County, TX",14000US48439100102
2014,2014,0,Total,34655,3043.0,"Census Tract 1002.01, Tarrant County, TX",14000US48439100201
2014,2014,0,Total,36771,6811.0,"Census Tract 1002.02, Tarrant County, TX",14000US48439100202
2014,2014,0,Total,27552,5836.0,"Census Tract 1003, Tarrant County, TX",14000US48439100300
2014,2014,0,Total,38367,4932.0,"Census Tract 1004, Tarrant County, TX",14000US48439100400
2014,2014,0,Total,35461,4208.0,"Census Tract 1005.02, Tarrant County, TX",14000US48439100502
2014,2014,0,Total,33926,4876.0,"Census Tract 1008, Tarrant County, TX",14000US48439100800
2014,2014,0,Total,31029,3457.0,"Census Tract 1009, Tarrant County, TX",14000US48439100900
2014,2014,0,Total,30666,4402.0,"Census Tract 1012.02, Tarrant County, TX",14000US48439101202
2014,2014,0,Total,46702,9516.0,"Census Tract 1013.01, Tarrant County, TX",14000US48439101301
2014,2014,0,Total,52713,6512.0,"Census Tract 1014.01, Tarrant County, TX",14000US48439101401
2014,2014,0,Total,29022,7706.0,"Census Tract 1014.02, Tarrant County, TX",14000US48439101402
2014,2014,0,Total,26210,4655.0,"Census Tract 1014.03, Tarrant County, TX",14000US48439101403
2014,2014,0,Total,32308,4906.0,"Census Tract 1015, Tarrant County, TX",14000US48439101500
2014,2014,0,Total,10417,2032.0,"Census Tract 1017, Tarrant County, TX",14000US48439101700
2014,2014,0,Total,73393,12157.0,"Census Tract 1020, Tarrant County, TX",14000US48439102000
2014,2014,0,Total,63442,10117.0,"Census Tract 1021, Tarrant County, TX",14000US48439102100
2014,2014,0,Total,58567,7949.000000000001,"Census Tract 1022.01, Tarrant County, TX",14000US48439102201
2014,2014,0,Total,75755,11667.0,"Census Tract 1022.02, Tarrant County, TX",14000US48439102202
2014,2014,0,Total,30536,9692.0,"Census Tract 1023.01, Tarrant County, TX",14000US48439102301
2014,2014,0,Total,49503,13363.0,"Census Tract 1024.01, Tarrant County, TX",14000US48439102401
2014,2014,0,Total,75417,7540.999999999999,"Census Tract 1024.02, Tarrant County, TX",14000US48439102402
2014,2014,0,Total,19807,7610.000000000001,"Census Tract 1025, Tarrant County, TX",14000US48439102500
2014,2014,0,Total,38810,7804.0,"Census Tract 1026.01, Tarrant County, TX",14000US48439102601
2014,2014,0,Total,50357,13112.0,"Census Tract 1026.02, Tarrant County, TX",14000US48439102602
2014,2014,0,Total,69583,11053.0,"Census Tract 1027, Tarrant County, TX",14000US48439102700
2014,2014,0,Total,112054,6892.999999999999,"Census Tract 1028, Tarrant County, TX",14000US48439102800
2014,2014,0,Total,26766,4538.0,"Census Tract 1035, Tarrant County, TX",14000US48439103500
2014,2014,0,Total,14275,3489.9999999999995,"Census Tract 1036.01, Tarrant County, TX",14000US48439103601
2014,2014,0,Total,45395,18785.0,"Census Tract 1036.02, Tarrant County, TX",14000US48439103602
2014,2014,0,Total,26000,5088.0,"Census Tract 1037.01, Tarrant County, TX",14000US48439103701
2014,2014,0,Total,22957,4997.0,"Census Tract 1037.02, Tarrant County, TX",14000US48439103702
2014,2014,0,Total,15607,4567.0,"Census Tract 1038, Tarrant County, TX",14000US48439103800
2014,2014,0,Total,64676,10059.0,"Census Tract 1041, Tarrant County, TX",14000US48439104100
2014,2014,0,Total,90577,16519.0,"Census Tract 1042.01, Tarrant County, TX",14000US48439104201
2014,2014,0,Total,53810,8601.0,"Census Tract 1042.02, Tarrant County, TX",14000US48439104202
2014,2014,0,Total,42313,14595.0,"Census Tract 1043, Tarrant County, TX",14000US48439104300
2014,2014,0,Total,47396,10381.0,"Census Tract 1044, Tarrant County, TX",14000US48439104400
2014,2014,0,Total,27541,3791.0,"Census Tract 1045.02, Tarrant County, TX",14000US48439104502
2014,2014,0,Total,33063,10041.0,"Census Tract 1045.03, Tarrant County, TX",14000US48439104503
2014,2014,0,Total,25040,4935.0,"Census Tract 1045.04, Tarrant County, TX",14000US48439104504
2014,2014,0,Total,26563,10456.0,"Census Tract 1045.05, Tarrant County, TX",14000US48439104505
2014,2014,0,Total,28764,2475.0,"Census Tract 1046.01, Tarrant County, TX",14000US48439104601
2014,2014,0,Total,26399,6182.0,"Census Tract 1046.02, Tarrant County, TX",14000US48439104602
2014,2014,0,Total,29961,9530.0,"Census Tract 1046.03, Tarrant County, TX",14000US48439104603
2014,2014,0,Total,29444,8271.0,"Census Tract 1046.04, Tarrant County, TX",14000US48439104604
2014,2014,0,Total,35476,10051.0,"Census Tract 1046.05, Tarrant County, TX",14000US48439104605
2014,2014,0,Total,27411,6208.0,"Census Tract 1047.01, Tarrant County, TX",14000US48439104701
2014,2014,0,Total,23611,6301.0,"Census Tract 1047.02, Tarrant County, TX",14000US48439104702
2014,2014,0,Total,38075,7166.999999999999,"Census Tract 1048.02, Tarrant County, TX",14000US48439104802
2014,2014,0,Total,33013,7126.999999999999,"Census Tract 1048.03, Tarrant County, TX",14000US48439104803
2014,2014,0,Total,24196,11013.0,"Census Tract 1048.04, Tarrant County, TX",14000US48439104804
2014,2014,0,Total,39464,10376.0,"Census Tract 1049, Tarrant County, TX",14000US48439104900
2014,2014,0,Total,63382,9162.0,"Census Tract 1050.07, Tarrant County, TX",14000US48439105007
2014,2014,0,Total,22316,5153.0,"Census Tract 1052.01, Tarrant County, TX",14000US48439105201
2014,2014,0,Total,41848,7067.000000000001,"Census Tract 1052.03, Tarrant County, TX",14000US48439105203
2014,2014,0,Total,28958,5260.0,"Census Tract 1052.04, Tarrant County, TX",14000US48439105204
2014,2014,0,Total,27813,6742.0,"Census Tract 1052.05, Tarrant County, TX",14000US48439105205
2014,2014,0,Total,61888,13496.000000000002,"Census Tract 1054.03, Tarrant County, TX",14000US48439105403
2014,2014,0,Total,103819,21898.0,"Census Tract 1054.04, Tarrant County, TX",14000US48439105404
2014,2014,0,Total,52674,5420.0,"Census Tract 1055.02, Tarrant County, TX",14000US48439105502
2014,2014,0,Total,63904,8031.999999999999,"Census Tract 1055.03, Tarrant County, TX",14000US48439105503
2014,2014,0,Total,44952,8812.0,"Census Tract 1055.05, Tarrant County, TX",14000US48439105505
2014,2014,0,Total,50888,8148.0,"Census Tract 1055.08, Tarrant County, TX",14000US48439105508
2014,2014,0,Total,51607,11517.0,"Census Tract 1055.10, Tarrant County, TX",14000US48439105510
2014,2014,0,Total,43407,8406.0,"Census Tract 1055.11, Tarrant County, TX",14000US48439105511
2014,2014,0,Total,74069,9034.0,"Census Tract 1055.12, Tarrant County, TX",14000US48439105512
2014,2014,0,Total,28443,4594.0,"Census Tract 1055.13, Tarrant County, TX",14000US48439105513
2014,2014,0,Total,37411,7589.0,"Census Tract 1055.14, Tarrant County, TX",14000US48439105514
2014,2014,0,Total,51144,5246.0,"Census Tract 1056, Tarrant County, TX",14000US48439105600
2014,2014,0,Total,60045,6860.000000000001,"Census Tract 1057.01, Tarrant County, TX",14000US48439105701
2014,2014,0,Total,51838,6483.0,"Census Tract 1057.03, Tarrant County, TX",14000US48439105703
2014,2014,0,Total,45459,3310.0,"Census Tract 1057.04, Tarrant County, TX",14000US48439105704
2014,2014,0,Total,38950,7235.0,"Census Tract 1058, Tarrant County, TX",14000US48439105800
2014,2014,0,Total,29111,6437.0,"Census Tract 1059.01, Tarrant County, TX",14000US48439105901
2014,2014,0,Total,23103,6765.0,"Census Tract 1059.02, Tarrant County, TX",14000US48439105902
2014,2014,0,Total,50652,5598.0,"Census Tract 1060.01, Tarrant County, TX",14000US48439106001
2014,2014,0,Total,39750,14562.999999999998,"Census Tract 1061.01, Tarrant County, TX",14000US48439106101
2014,2014,0,Total,20753,1860.0,"Census Tract 1061.02, Tarrant County, TX",14000US48439106102
2014,2014,0,Total,28072,6775.0,"Census Tract 1062.01, Tarrant County, TX",14000US48439106201
2014,2014,0,Total,25923,2101.0,"Census Tract 1062.02, Tarrant County, TX",14000US48439106202
2014,2014,0,Total,27545,6444.0,"Census Tract 1063, Tarrant County, TX",14000US48439106300
2014,2014,0,Total,39643,6512.0,"Census Tract 1065.02, Tarrant County, TX",14000US48439106502
2014,2014,0,Total,45980,4172.0,"Census Tract 1065.03, Tarrant County, TX",14000US48439106503
2014,2014,0,Total,48942,7175.0,"Census Tract 1065.07, Tarrant County, TX",14000US48439106507
2014,2014,0,Total,75859,2342.0,"Census Tract 1065.10, Tarrant County, TX",14000US48439106510
2014,2014,0,Total,40417,5514.0,"Census Tract 1065.11, Tarrant County, TX",14000US48439106511
2014,2014,0,Total,32423,8127.0,"Census Tract 1065.12, Tarrant County, TX",14000US48439106512
2014,2014,0,Total,47842,11883.0,"Census Tract 1065.13, Tarrant County, TX",14000US48439106513
2014,2014,0,Total,31054,6723.0,"Census Tract 1065.15, Tarrant County, TX",14000US48439106515
2014,2014,0,Total,21944,3542.0,"Census Tract 1065.16, Tarrant County, TX",14000US48439106516
2014,2014,0,Total,43644,6742.0,"Census Tract 1065.18, Tarrant County, TX",14000US48439106518
2014,2014,0,Total,43047,7168.0,"Census Tract 1067, Tarrant County, TX",14000US48439106700
2014,2014,0,Total,69745,8739.0,"Census Tract 1108.05, Tarrant County, TX",14000US48439110805
2014,2014,0,Total,76004,9118.0,"Census Tract 1108.06, Tarrant County, TX",14000US48439110806
2014,2014,0,Total,57954,1469.0,"Census Tract 1108.07, Tarrant County, TX",14000US48439110807
2014,2014,0,Total,43504,9261.0,"Census Tract 1110.05, Tarrant County, TX",14000US48439111005
2014,2014,0,Total,63611,11891.0,"Census Tract 1110.10, Tarrant County, TX",14000US48439111010
2014,2014,0,Total,76941,7624.0,"Census Tract 1110.11, Tarrant County, TX",14000US48439111011
2014,2014,0,Total,74485,11547.0,"Census Tract 1110.12, Tarrant County, TX",14000US48439111012
2014,2014,0,Total,103958,7759.0,"Census Tract 1110.17, Tarrant County, TX",14000US48439111017
2014,2014,0,Total,53137,11505.0,"Census Tract 1139.16, Tarrant County, TX",14000US48439113916
2014,2014,0,Total,59673,7793.0,"Census Tract 1139.18, Tarrant County, TX",14000US48439113918
2014,2014,0,Total,98542,19880.0,"Census Tract 1139.19, Tarrant County, TX",14000US48439113919
2014,2014,0,Total,97990,5828.0,"Census Tract 1139.22, Tarrant County, TX",14000US48439113922
2014,2014,0,Total,63566,23796.0,"Census Tract 1139.23, Tarrant County, TX",14000US48439113923
2014,2014,0,Total,63293,7208.0,"Census Tract 1139.24, Tarrant County, TX",14000US48439113924
2014,2014,0,Total,69274,5876.0,"Census Tract 1139.25, Tarrant County, TX",14000US48439113925
2014,2014,0,Total,79521,4689.0,"Census Tract 1139.28, Tarrant County, TX",14000US48439113928
2014,2014,0,Total,96481,18026.0,"Census Tract 1141.02, Tarrant County, TX",14000US48439114102
2014,2014,0,Total,15966,7529.0,"Census Tract 1231, Tarrant County, TX",14000US48439123100
2014,2014,0,Total,58802,9524.0,"Census Tract 1232, Tarrant County, TX",14000US48439123200
2014,2014,0,Total,57011,10191.0,"Census Tract 1233, Tarrant County, TX",14000US48439123300
2014,2014,0,Total,22039,4085.0,"Census Tract 1234, Tarrant County, TX",14000US48439123400
2014,2014,0,Total,20515,5505.0,"Census Tract 1235, Tarrant County, TX",14000US48439123500
2014,2014,0,Total,24400,6638.0,"Census Tract 1236, Tarrant County, TX",14000US48439123600
2013,2013,0,Total,40031,2962.0,"Census Tract 1001.01, Tarrant County, TX",14000US48439100101
2013,2013,0,Total,47422,8431.0,"Census Tract 1001.02, Tarrant County, TX",14000US48439100102
2013,2013,0,Total,35554,3641.0,"Census Tract 1002.01, Tarrant County, TX",14000US48439100201
2013,2013,0,Total,32245,3564.0,"Census Tract 1002.02, Tarrant County, TX",14000US48439100202
2013,2013,0,Total,25079,4382.0,"Census Tract 1003, Tarrant County, TX",14000US48439100300
2013,2013,0,Total,40161,6849.0,"Census Tract 1004, Tarrant County, TX",14000US48439100400
2013,2013,0,Total,31007,4909.0,"Census Tract 1005.02, Tarrant County, TX",14000US48439100502
2013,2013,0,Total,34512,4845.0,"Census Tract 1008, Tarrant County, TX",14000US48439100800
2013,2013,0,Total,27528,4677.0,"Census Tract 1009, Tarrant County, TX",14000US48439100900
2013,2013,0,Total,33750,11049.0,"Census Tract 1012.02, Tarrant County, TX",14000US48439101202
2013,2013,0,Total,50664,9110.0,"Census Tract 1013.01, Tarrant County, TX",14000US48439101301
2013,2013,0,Total,49970,6080.0,"Census Tract 1014.01, Tarrant County, TX",14000US48439101401
2013,2013,0,Total,30938,6183.0,"Census Tract 1014.02, Tarrant County, TX",14000US48439101402
2013,2013,0,Total,27359,4097.0,"Census Tract 1014.03, Tarrant County, TX",14000US48439101403
2013,2013,0,Total,45777,10424.0,"Census Tract 1015, Tarrant County, TX",14000US48439101500
2013,2013,0,Total,10046,1511.0,"Census Tract 1017, Tarrant County, TX",14000US48439101700
2013,2013,0,Total,77061,11250.0,"Census Tract 1020, Tarrant County, TX",14000US48439102000
2013,2013,0,Total,52358,12371.0,"Census Tract 1021, Tarrant County, TX",14000US48439102100
2013,2013,0,Total,58646,4848.0,"Census Tract 1022.01, Tarrant County, TX",14000US48439102201
2013,2013,0,Total,73107,15106.999999999998,"Census Tract 1022.02, Tarrant County, TX",14000US48439102202
2013,2013,0,Total,26921,6082.0,"Census Tract 1023.01, Tarrant County, TX",14000US48439102301
2013,2013,0,Total,48462,6151.0,"Census Tract 1024.01, Tarrant County, TX",14000US48439102401
2013,2013,0,Total,68036,11120.0,"Census Tract 1024.02, Tarrant County, TX",14000US48439102402
2013,2013,0,Total,22150,7337.0,"Census Tract 1025, Tarrant County, TX",14000US48439102500
2013,2013,0,Total,33583,6812.999999999999,"Census Tract 1026.01, Tarrant County, TX",14000US48439102601
2013,2013,0,Total,39050,8811.0,"Census Tract 1026.02, Tarrant County, TX",14000US48439102602
2013,2013,0,Total,64700,10194.0,"Census Tract 1027, Tarrant County, TX",14000US48439102700
2013,2013,0,Total,107639,15973.999999999998,"Census Tract 1028, Tarrant County, TX",14000US48439102800
2013,2013,0,Total,27101,3482.0,"Census Tract 1035, Tarrant County, TX",14000US48439103500
2013,2013,0,Total,13991,4476.0,"Census Tract 1036.01, Tarrant County, TX",14000US48439103601
2013,2013,0,Total,43375,21350.0,"Census Tract 1036.02, Tarrant County, TX",14000US48439103602
2013,2013,0,Total,27358,7271.0,"Census Tract 1037.01, Tarrant County, TX",14000US48439103701
2013,2013,0,Total,22118,5869.0,"Census Tract 1037.02, Tarrant County, TX",14000US48439103702
2013,2013,0,Total,15994,4090.0,"Census Tract 1038, Tarrant County, TX",14000US48439103800
2013,2013,0,Total,59722,17356.0,"Census Tract 1041, Tarrant County, TX",14000US48439104100
2013,2013,0,Total,85063,14825.0,"Census Tract 1042.01, Tarrant County, TX",14000US48439104201
2013,2013,0,Total,55429,11199.0,"Census Tract 1042.02, Tarrant County, TX",14000US48439104202
2013,2013,0,Total,47872,22741.0,"Census Tract 1043, Tarrant County, TX",14000US48439104300
2013,2013,0,Total,42649,6500.0,"Census Tract 1044, Tarrant County, TX",14000US48439104400
2013,2013,0,Total,27202,3951.000000000001,"Census Tract 1045.02, Tarrant County, TX",14000US48439104502
2013,2013,0,Total,35962,10779.0,"Census Tract 1045.03, Tarrant County, TX",14000US48439104503
2013,2013,0,Total,22364,5224.0,"Census Tract 1045.04, Tarrant County, TX",14000US48439104504
2013,2013,0,Total,31830,8151.000000000001,"Census Tract 1045.05, Tarrant County, TX",14000US48439104505
2013,2013,0,Total,26505,4001.0,"Census Tract 1046.01, Tarrant County, TX",14000US48439104601
2013,2013,0,Total,30512,9206.0,"Census Tract 1046.02, Tarrant County, TX",14000US48439104602
2013,2013,0,Total,27738,6147.0,"Census Tract 1046.03, Tarrant County, TX",14000US48439104603
2013,2013,0,Total,27125,10874.0,"Census Tract 1046.04, Tarrant County, TX",14000US48439104604
2013,2013,0,Total,33222,7529.0,"Census Tract 1046.05, Tarrant County, TX",14000US48439104605
2013,2013,0,Total,28977,6199.0,"Census Tract 1047.01, Tarrant County, TX",14000US48439104701
2013,2013,0,Total,24675,16895.0,"Census Tract 1047.02, Tarrant County, TX",14000US48439104702
2013,2013,0,Total,31750,3644.0,"Census Tract 1048.02, Tarrant County, TX",14000US48439104802
2013,2013,0,Total,34483,5628.0,"Census Tract 1048.03, Tarrant County, TX",14000US48439104803
2013,2013,0,Total,32778,8630.0,"Census Tract 1048.04, Tarrant County, TX",14000US48439104804
2013,2013,0,Total,48611,15298.0,"Census Tract 1049, Tarrant County, TX",14000US48439104900
2013,2013,0,Total,61875,10158.0,"Census Tract 1050.07, Tarrant County, TX",14000US48439105007
2013,2013,0,Total,23048,5153.0,"Census Tract 1052.01, Tarrant County, TX",14000US48439105201
2013,2013,0,Total,42736,6870.000000000001,"Census Tract 1052.03, Tarrant County, TX",14000US48439105203
2013,2013,0,Total,26925,3413.9999999999995,"Census Tract 1052.04, Tarrant County, TX",14000US48439105204
2013,2013,0,Total,26130,3837.0,"Census Tract 1052.05, Tarrant County, TX",14000US48439105205
2013,2013,0,Total,58402,6107.0,"Census Tract 1054.03, Tarrant County, TX",14000US48439105403
2013,2013,0,Total,102938,17613.0,"Census Tract 1054.04, Tarrant County, TX",14000US48439105404
2013,2013,0,Total,60708,10181.0,"Census Tract 1055.02, Tarrant County, TX",14000US48439105502
2013,2013,0,Total,63646,4797.0,"Census Tract 1055.03, Tarrant County, TX",14000US48439105503
2013,2013,0,Total,42440,12295.0,"Census Tract 1055.05, Tarrant County, TX",14000US48439105505
2013,2013,0,Total,44043,9428.0,"Census Tract 1055.08, Tarrant County, TX",14000US48439105508
2013,2013,0,Total,50000,13528.0,"Census Tract 1055.10, Tarrant County, TX",14000US48439105510
2013,2013,0,Total,41147,4933.0,"Census Tract 1055.11, Tarrant County, TX",14000US48439105511
2013,2013,0,Total,71806,9032.0,"Census Tract 1055.12, Tarrant County, TX",14000US48439105512
2013,2013,0,Total,30894,1641.0,"Census Tract 1055.13, Tarrant County, TX",14000US48439105513
2013,2013,0,Total,37175,7927.000000000001,"Census Tract 1055.14, Tarrant County, TX",14000US48439105514
2013,2013,0,Total,43926,6203.0,"Census Tract 1056, Tarrant County, TX",14000US48439105600
2013,2013,0,Total,55702,7974.000000000001,"Census Tract 1057.01, Tarrant County, TX",14000US48439105701
2013,2013,0,Total,50940,3238.0,"Census Tract 1057.03, Tarrant County, TX",14000US48439105703
2013,2013,0,Total,44302,5747.0,"Census Tract 1057.04, Tarrant County, TX",14000US48439105704
2013,2013,0,Total,36741,8527.0,"Census Tract 1058, Tarrant County, TX",14000US48439105800
2013,2013,0,Total,26676,3089.0,"Census Tract 1059.01, Tarrant County, TX",14000US48439105901
2013,2013,0,Total,18603,7387.0,"Census Tract 1059.02, Tarrant County, TX",14000US48439105902
2013,2013,0,Total,50695,4674.0,"Census Tract 1060.01, Tarrant County, TX",14000US48439106001
2013,2013,0,Total,39274,17372.0,"Census Tract 1061.01, Tarrant County, TX",14000US48439106101
2013,2013,0,Total,20157,2344.0,"Census Tract 1061.02, Tarrant County, TX",14000US48439106102
2013,2013,0,Total,28713,7239.000000000001,"Census Tract 1062.01, Tarrant County, TX",14000US48439106201
2013,2013,0,Total,21635,3971.0,"Census Tract 1062.02, Tarrant County, TX",14000US48439106202
2013,2013,0,Total,27621,7907.000000000001,"Census Tract 1063, Tarrant County, TX",14000US48439106300
2013,2013,0,Total,39815,7717.999999999999,"Census Tract 1065.02, Tarrant County, TX",14000US48439106502
2013,2013,0,Total,41275,6212.0,"Census Tract 1065.03, Tarrant County, TX",14000US48439106503
2013,2013,0,Total,48750,10212.0,"Census Tract 1065.07, Tarrant County, TX",14000US48439106507
2013,2013,0,Total,77231,4546.0,"Census Tract 1065.10, Tarrant County, TX",14000US48439106510
2013,2013,0,Total,37716,8485.0,"Census Tract 1065.11, Tarrant County, TX",14000US48439106511
2013,2013,0,Total,35561,6320.0,"Census Tract 1065.12, Tarrant County, TX",14000US48439106512
2013,2013,0,Total,44607,9881.0,"Census Tract 1065.13, Tarrant County, TX",14000US48439106513
2013,2013,0,Total,33987,5409.0,"Census Tract 1065.15, Tarrant County, TX",14000US48439106515
2013,2013,0,Total,21783,2968.0,"Census Tract 1065.16, Tarrant County, TX",14000US48439106516
2013,2013,0,Total,45675,5586.0,"Census Tract 1065.18, Tarrant County, TX",14000US48439106518
2013,2013,0,Total,46125,8392.0,"Census Tract 1067, Tarrant County, TX",14000US48439106700
2013,2013,0,Total,71230,7265.0,"Census Tract 1108.05, Tarrant County, TX",14000US48439110805
2013,2013,0,Total,89861,15857.0,"Census Tract 1108.06, Tarrant County, TX",14000US48439110806
2013,2013,0,Total,59186,2008.0,"Census Tract 1108.07, Tarrant County, TX",14000US48439110807
2013,2013,0,Total,44688,7323.999999999999,"Census Tract 1110.05, Tarrant County, TX",14000US48439111005
2013,2013,0,Total,59744,12174.0,"Census Tract 1110.10, Tarrant County, TX",14000US48439111010
2013,2013,0,Total,75942,7756.0,"Census Tract 1110.11, Tarrant County, TX",14000US48439111011
2013,2013,0,Total,77829,10979.0,"Census Tract 1110.12, Tarrant County, TX",14000US48439111012
2013,2013,0,Total,100051,10386.0,"Census Tract 1110.17, Tarrant County, TX",14000US48439111017
2013,2013,0,Total,53333,11174.0,"Census Tract 1139.16, Tarrant County, TX",14000US48439113916
2013,2013,0,Total,59167,10584.0,"Census Tract 1139.18, Tarrant County, TX",14000US48439113918
2013,2013,0,Total,106618,25766.0,"Census Tract 1139.19, Tarrant County, TX",14000US48439113919
2013,2013,0,Total,96438,7495.999999999999,"Census Tract 1139.22, Tarrant County, TX",14000US48439113922
2013,2013,0,Total,60530,7149.000000000001,"Census Tract 1139.23, Tarrant County, TX",14000US48439113923
2013,2013,0,Total,64982,16351.0,"Census Tract 1139.24, Tarrant County, TX",14000US48439113924
2013,2013,0,Total,68456,12598.0,"Census Tract 1139.25, Tarrant County, TX",14000US48439113925
2013,2013,0,Total,81372,4753.0,"Census Tract 1139.28, Tarrant County, TX",14000US48439113928
2013,2013,0,Total,90125,12790.0,"Census Tract 1141.02, Tarrant County, TX",14000US48439114102
2013,2013,0,Total,17448,6146.0,"Census Tract 1231, Tarrant County, TX",14000US48439123100
2013,2013,0,Total,50194,7211.999999999999,"Census Tract 1232, Tarrant County, TX",14000US48439123200
2013,2013,0,Total,64000,11287.0,"Census Tract 1233, Tarrant County, TX",14000US48439123300
2013,2013,0,Total,27250,26627.0,"Census Tract 1234, Tarrant County, TX",14000US48439123400
2013,2013,0,Total,16354,6217.0,"Census Tract 1235, Tarrant County, TX",14000US48439123500
2013,2013,0,Total,25195,5461.0,"Census Tract 1236, Tarrant County, TX",14000US48439123600
